time,n_sales,n_searches,discount,n_returns,ad_expenses,review_score,cost_of_goods_sold
2018-10-01,116,95.0,10,3.0,441.37,3.6,3058.199957231431
2018-10-02,130,94.4,10,7.0,301.48,3.6,3064.733501762767
2018-10-03,121,94.1,10,0.0,537.91,3.6,3071.2719922984224
2018-10-04,150,93.3,10,,405.67,3.6,3074.208630696634
2018-10-05,142,93.6,10,2.0,503.5,3.6,3073.772425743416
2018-10-06,159,96.1,10,6.0,616.69,3.6,3074.736962306373
2018-10-07,152,98.6,10,,505.76,,3077.026713358601
2018-10-08,140,99.9,10,0.0,497.13,3.6,3077.99900061578
2018-10-09,126,101.9,10,2.0,594.34,3.6,3083.1700926954272
2018-10-10,108,103.5,10,4.0,503.83,3.6,3090.91109315884
2018-10-11,139,105.1,10,10.0,218.68,3.6,3094.958120515284
2018-10-12,150,107.9,10,10.0,538.61,3.5,3086.9862274615616
2018-10-13,188,110.7,10,8.0,559.12,3.5,3079.3113437994825
2018-10-14,187,114.0,10,0.0,697.49,3.5,3073.7163726078725
2018-10-15,138,116.2,10,9.0,593.21,3.5,3075.635442617649
2018-10-16,106,116.2,10,4.0,400.28,3.5,3065.496531723465
2018-10-17,109,115.3,10,0.0,463.35,3.5,3054.178487377481
2018-10-18,136,116.0,10,3.0,598.13,3.5,3046.60133686533
2018-10-19,118,115.1,10,3.0,490.69,3.5,3039.1314274612164
2018-10-20,184,116.0,10,4.0,309.42,3.5,3026.0049545226
2018-10-21,154,116.9,10,3.0,662.2,3.5,3025.8417362144573
2018-10-22,108,117.1,10,4.0,435.72,3.5,3043.6190341639885
2018-10-23,113,117.1,10,3.0,450.43,3.5,3060.719598385552
2018-10-24,137,116.9,10,10.0,670.24,3.5,3079.5635991759527
2018-10-25,107,116.9,10,8.0,497.38,3.5,3102.6069187516628
2018-10-26,120,116.9,10,7.0,557.27,3.5,3146.420740279661
2018-10-27,155,117.8,10,8.0,460.9,3.5,3189.256972770447
2018-10-28,191,118.3,10,1.0,574.35,3.5,3228.5261925988507
2018-10-29,102,119.4,10,0.0,457.92,3.5,3268.418538814226
2018-10-30,135,119.3,10,,489.29,3.5,3303.390938443777
2018-10-31,105,118.70000000000002,10,2.0,547.43,3.5,3329.4018116562625
2018-11-01,124,118.3,10,5.0,372.34,3.5,3337.886843150265
2018-11-02,135,118.1,10,8.0,663.34,3.5,3352.068150981671
2018-11-03,174,118.3,10,6.0,338.25,3.5,3376.8683483537525
2018-11-04,184,118.3,10,2.0,651.44,3.6,3385.8116920573343
2018-11-05,121,118.1,10,7.0,620.21,3.6,3383.518018666592
2018-11-06,104,118.0,10,8.0,391.04,3.6,3380.002868618613
2018-11-07,144,118.0,10,9.0,393.99,3.6,3381.382890998778
2018-11-08,124,117.6,10,0.0,460.9,3.6,3376.919217696061
2018-11-09,128,116.4,10,4.0,563.84,3.6,3375.372504177787
2018-11-10,183,117.0,10,2.0,556.54,3.6,3375.773413244943
2018-11-11,157,117.5,10,3.0,387.7,3.6,3378.595537399407
2018-11-12,126,117.7,10,8.0,411.36,3.6,3382.8790828893634
2018-11-13,105,117.6,10,8.0,401.63,3.6,3376.179496872327
2018-11-14,127,117.3,15,,335.35,3.6,3370.6544513324066
2018-11-15,127,116.60000000000002,15,1.0,640.54,,3360.7044841160923
2018-11-16,102,115.90000000000002,15,9.0,643.9,3.6,3352.066752202559
2018-11-17,190,115.90000000000002,15,10.0,436.72,3.6,3336.1692516049425
2018-11-18,163,116.6,15,1.0,416.59,3.6,3314.330730175031
2018-11-19,111,117.9,15,5.0,413.59,,3301.2336225916456
2018-11-20,142,117.9,15,6.0,536.42,3.6,3284.660901834216
2018-11-21,131,117.7,5,2.0,447.41,3.6,3270.8393797987287
2018-11-22,100,116.9,5,7.0,454.45,3.6,3248.026192589684
2018-11-23,121,116.5,5,10.0,679.97,3.6,3232.368123373316
2018-11-24,165,116.8,5,0.0,693.54,3.6,3223.8348530699795
2018-11-25,171,117.7,5,4.0,496.97,3.6,3217.3736194194234
2018-11-26,130,118.2,5,5.0,537.48,3.6,3220.2894391476225
2018-11-27,105,118.0,5,3.0,553.58,3.6,3227.4390292634343
2018-11-28,118,118.0,5,5.0,446.36,3.6,3235.480376466955
2018-11-29,114,117.9,5,8.0,472.32,3.6,3234.147084372946
2018-11-30,134,117.3,5,10.0,423.65,3.6,3238.5267881406626
2018-12-01,191,117.5,5,2.0,482.3,3.6,3240.77967054446
2018-12-02,183,118.3,5,5.0,367.07,3.6,3239.714036109326
2018-12-03,117,118.8,5,0.0,463.03,3.5,3231.542611557081
2018-12-04,131,118.1,5,3.0,418.49,3.5,3227.9079787044293
2018-12-05,133,117.4,5,5.0,486.62,3.5,3231.322599156928
2018-12-06,146,116.7,5,3.0,546.83,3.5,3228.671299780768
2018-12-07,133,115.6,5,1.0,573.2,3.5,3230.5076960908127
2018-12-08,157,115.6,5,10.0,365.61,3.5,3241.9915402461884
2018-12-09,159,115.7,5,3.0,423.23,3.5,3253.306871084818
2018-12-10,104,115.5,5,0.0,410.7,3.5,3254.2895569609345
2018-12-11,134,114.7,5,7.0,587.55,3.5,3259.506610536171
2018-12-12,144,113.90000000000002,5,1.0,465.42,3.5,3270.5090434043423
2018-12-13,141,112.50000000000004,5,3.0,353.92,,3281.737126917501
2018-12-14,135,112.5,5,8.0,450.5,3.5,3290.250414002283
2018-12-15,165,113.2,5,6.0,387.63,3.5,3300.743873878856
2018-12-16,162,114.2,15,9.0,417.14,3.5,3307.732821245524
2018-12-17,125,115.5,15,8.0,522.13,3.5,3310.4425589556467
2018-12-18,135,115.0,15,4.0,618.17,3.5,3314.713931096852
2018-12-19,101,114.9,15,4.0,538.45,3.5,3326.712604719568
2018-12-20,111,115.5,15,9.0,580.89,3.5,3350.355613326436
2018-12-21,123,115.6,15,5.0,457.31,3.5,3370.388765935308
2018-12-22,199,116.4,15,,447.74,3.7,3393.01613457167
2018-12-23,175,117.8,15,2.0,513.54,3.7,3415.296474861443
2018-12-24,137,117.9,15,9.0,643.1,3.7,3432.344147730885
2018-12-25,103,117.9,15,6.0,475.97,3.7,3442.436875642422
2018-12-26,138,117.9,15,6.0,499.5,3.7,3457.708354965055
2018-12-27,109,117.9,15,4.0,474.12,3.7,3468.5560456456305
2018-12-28,128,118.4,15,8.0,444.67,3.7,3460.6876887151006
2018-12-29,157,118.5,15,0.0,518.39,,3461.585022362614
2018-12-30,153,118.7,15,9.0,464.19,3.7,3453.28346811818
2018-12-31,136,119.4,15,8.0,556.79,3.7,3436.5758076992656
2019-01-01,143,118.3,15,3.0,365.06,3.7,3424.860153771436
2019-01-02,149,118.0,15,2.0,372.48,3.7,3414.7639072751726
2019-01-03,130,118.4,15,0.0,498.91,3.7,3401.906550149511
2019-01-04,147,118.4,15,2.0,539.37,3.7,3385.469026261965
2019-01-05,107,114.9,15,5.0,529.49,3.7,3363.1858862950844
2019-01-06,76,110.9,15,0.0,449.74,3.7,3342.117215166108
2019-01-07,148,106.9,15,2.0,428.56,3.7,3329.9703262174853
2019-01-08,140,103.3,15,10.0,405.99,3.7,3308.785175223994
2019-01-09,108,99.3,5,,445.29,3.7,3295.1671023162453
2019-01-10,116,95.4,5,,437.53,,3296.164567371501
2019-01-11,107,93.0,5,9.0,505.86,3.7,3288.0738821404484
2019-01-12,187,93.29999999999998,5,3.0,469.5,3.7,3279.33222998366
2019-01-13,182,93.5,5,9.0,589.98,3.7,3276.9989679081627
2019-01-14,143,93.5,5,1.0,377.77,3.7,3270.4263716113146
2019-01-15,134,96.9,5,10.0,475.18,3.7,3270.4858523653347
2019-01-16,143,100.8,5,6.0,429.52,3.7,3280.056647589416
2019-01-17,126,104.3,5,,636.38,3.7,3305.412780716388
2019-01-18,100,107.0,5,4.0,449.95,3.7,3328.00132316724
2019-01-19,188,111.0,5,1.0,503.92,3.8,3348.9424671593165
2019-01-20,197,114.9,5,2.0,477.75,3.8,3364.3812364936784
2019-01-21,126,118.4,5,2.0,369.98,3.8,3380.942929262118
2019-01-22,114,118.4,5,8.0,543.65,3.8,3394.0531570217463
2019-01-23,137,117.9,5,8.0,498.46,3.8,3393.189078597344
2019-01-24,113,117.9,5,9.0,460.46,3.8,3405.3730776792386
2019-01-25,132,117.9,5,2.0,533.79,,3412.021442589203
2019-01-26,184,118.0,5,4.0,482.27,3.8,3402.045801992069
2019-01-27,185,118.5,5,1.0,512.1,3.4,3378.975697801441
2019-01-28,131,119.4,5,8.0,487.88,3.4,3358.5361987970314
2019-01-29,142,119.4,5,3.0,371.03,3.4,3342.0654234643557
2019-01-30,116,119.4,5,3.0,485.2,3.4,3330.176707936763
2019-01-31,130,119.4,5,1.0,590.47,3.4,3316.1005527235616
2019-02-01,101,119.4,5,1.0,456.63,3.4,3300.510231835617
2019-02-02,199,119.9,5,9.0,770.42,3.4,3307.3289429078905
2019-02-03,161,119.9,5,4.0,547.43,3.4,3312.1080423181043
2019-02-04,142,120.0,5,9.0,319.98,3.4,3327.683336621001
2019-02-05,112,119.5,5,7.0,699.2,3.4,3350.7152809556364
2019-02-06,115,119.1,5,6.0,546.03,3.4,3377.5366045169194
2019-02-07,101,118.9,5,3.0,506.62,3.4,3402.613542587567
2019-02-08,110,118.9,5,4.0,475.7,3.4,3417.4094539131675
2019-02-09,161,118.9,5,1.0,514.6,3.4,3421.2722795300906
2019-02-10,200,118.9,5,9.0,511.05,3.4,3425.5257318917247
2019-02-11,134,118.8,5,7.0,527.14,3.4,3440.470415616889
2019-02-12,134,118.8,5,7.0,593.67,3.4,3445.4972001094307
2019-02-13,129,118.4,5,,416.16,3.4,3447.8838464052888
2019-02-14,148,118.4,5,5.0,617.63,3.4,3434.371093696432
2019-02-15,149,118.9,5,10.0,475.68,3.4,3424.0344859587503
2019-02-16,194,119.29999999999998,5,10.0,475.7,3.4,3407.481662976622
2019-02-17,172,119.5,5,3.0,553.86,3.4,3391.083832289645
2019-02-18,141,119.5,5,8.0,439.56,3.4,3369.324338330005
2019-02-19,103,119.5,15,2.0,356.11,3.4,3356.9102091651066
2019-02-20,100,119.3,15,10.0,430.51,3.4,3341.732062237587
2019-02-21,131,119.3,15,5.0,472.55,3.4,3312.544087095101
2019-02-22,102,118.3,15,9.0,606.2,3.4,3288.315219777653
2019-02-23,184,118.7,15,6.0,522.27,3.4,3259.435999736833
2019-02-24,154,118.7,15,8.0,376.01,,3227.320498098189
2019-02-25,135,118.7,15,3.0,350.53,3.7,3187.376284521601
2019-02-26,124,118.2,15,3.0,520.22,3.7,3156.6797912656675
2019-02-27,133,117.4,15,3.0,584.03,3.7,3128.060883403231
2019-02-28,135,116.3,15,1.0,519.24,3.7,3111.556579611843
2019-03-01,117,115.4,15,10.0,533.0,,3093.235133880168
2019-03-02,193,115.60000000000002,15,5.0,420.95,3.7,3075.39737741757
2019-03-03,152,115.70000000000002,15,1.0,356.93,3.7,3076.7109295857986
2019-03-04,113,116.60000000000002,15,5.0,644.06,3.7,3076.365164526862
2019-03-05,120,115.20000000000002,15,10.0,558.37,3.7,3083.656404169504
2019-03-06,134,113.3,15,9.0,597.9,3.7,3112.118680812397
2019-03-07,108,111.5,15,9.0,329.81,3.7,3148.313065339049
2019-03-08,118,110.90000000000002,15,,463.13,3.7,3176.78507065698
2019-03-09,195,111.7,15,8.0,407.53,3.7,3200.2399015066057
2019-03-10,187,112.8,0,7.0,531.98,3.7,3226.4567175015964
2019-03-11,112,113.2,0,3.0,687.05,3.7,3245.5426964327094
2019-03-12,101,113.2,0,7.0,578.29,3.7,3263.45590580858
2019-03-13,106,113.1,0,2.0,530.27,3.7,3273.912644257128
2019-03-14,150,113.20000000000002,0,10.0,514.38,3.7,3282.699809101312
2019-03-15,131,113.1,0,3.0,668.38,3.7,3289.610356244848
2019-03-16,160,115.0,0,3.0,245.12,3.7,3291.1867104237417
2019-03-17,168,116.8,0,9.0,543.54,3.7,3290.7332957780905
2019-03-18,117,117.4,0,0.0,460.8,3.7,3293.4828586099884
2019-03-19,136,117.3,0,1.0,658.26,3.7,3301.31333927087
2019-03-20,103,117.1,0,3.0,668.27,3.7,3295.1966159644853
2019-03-21,127,117.3,0,4.0,449.49,3.8,3288.2536973126557
2019-03-22,105,117.1,0,9.0,656.07,3.8,3296.3741903468963
2019-03-23,191,117.2,0,5.0,280.16,3.8,3299.121423407498
2019-03-24,200,117.2,0,9.0,337.43,3.8,3298.741435633251
2019-03-25,134,118.6,0,8.0,624.03,3.8,3297.1472083657136
2019-03-26,122,118.6,0,0.0,562.56,3.8,3291.85429620005
2019-03-27,104,118.6,0,8.0,405.01,3.8,3291.633752904178
2019-03-28,130,118.70000000000002,0,7.0,529.26,3.8,3295.2530954551016
2019-03-29,128,117.8,0,10.0,503.67,3.8,3288.727826310772
2019-03-30,171,118.0,0,0.0,307.59,3.8,3287.0402082969977
2019-03-31,167,118.29999999999998,0,0.0,475.5,3.8,3287.8351617954863
2019-04-01,106,118.3,0,1.0,379.61,3.8,3279.349894586805
2019-04-02,132,118.3,0,8.0,463.39,3.8,3273.055801362131
2019-04-03,120,118.2,0,10.0,320.98,3.8,3273.0157592872874
2019-04-04,120,118.3,0,0.0,589.46,3.8,3270.020439822061
2019-04-05,129,117.6,0,2.0,363.55,3.8,3253.217202774361
2019-04-06,190,117.6,0,9.0,708.1,3.8,3233.1046885556816
2019-04-07,155,118.0,0,1.0,591.09,3.8,3200.9910927807687
2019-04-08,134,118.7,0,10.0,575.46,3.8,3175.1455117383475
2019-04-09,100,118.3,10,1.0,467.69,3.8,3147.7585743847494
2019-04-10,135,118.1,10,7.0,561.47,,3119.511768907076
2019-04-11,142,118.3,10,8.0,461.0,3.8,3091.630420825309
2019-04-12,141,118.2,10,7.0,536.88,3.8,3065.262474222401
2019-04-13,159,118.3,10,5.0,500.39,3.8,3031.794747675329
2019-04-14,154,118.3,10,8.0,532.41,3.8,2998.143981954441
2019-04-15,109,118.90000000000002,10,,494.75,3.8,2975.4827548796025
2019-04-16,136,118.90000000000002,10,2.0,247.79,3.8,2954.231302004853
2019-04-17,101,118.0,10,0.0,488.01,3.8,2934.863844669358
2019-04-18,108,117.6,10,8.0,613.34,3.8,2926.628541382926
2019-04-19,140,117.5,10,,459.8,3.8,2930.4502706218755
2019-04-20,188,117.7,10,9.0,540.52,3.8,2945.2659957430446
2019-04-21,167,117.7,10,1.0,446.85,3.8,2955.925216197926
2019-04-22,123,117.8,10,4.0,594.74,3.8,2965.5935198646544
2019-04-23,131,117.6,10,6.0,476.33,3.8,2980.1736992764336
2019-04-24,150,116.6,10,8.0,665.33,3.8,3003.2223924628224
2019-04-25,109,114.9,10,7.0,671.29,,3021.543101302722
2019-04-26,110,113.2,5,3.0,497.07,3.7,3030.408564295465
2019-04-27,197,114.1,5,5.0,403.66,,3034.0740264839915
2019-04-28,150,114.8,5,6.0,610.85,3.7,3035.6158769775784
2019-04-29,135,115.2,5,10.0,501.68,3.7,3032.037868698206
2019-04-30,121,114.7,5,,416.27,3.7,3027.908328396594
2019-05-01,121,113.8,5,4.0,630.87,3.7,3029.972226397221
2019-05-02,150,112.20000000000002,5,4.0,454.38,3.7,3033.802230768736
2019-05-03,131,110.4,5,5.0,529.83,3.7,3037.34574221347
2019-05-04,195,111.4,5,0.0,613.84,3.7,3038.7305351283826
2019-05-05,187,113.2,5,10.0,527.64,3.7,3042.893858591649
2019-05-06,126,114.8,5,0.0,614.57,3.7,3057.4619778960296
2019-05-07,142,114.8,5,0.0,475.62,3.7,3075.634717812536
2019-05-08,146,114.8,5,1.0,467.38,3.7,3086.915918692292
2019-05-09,133,114.9,5,3.0,436.03,3.7,3105.316990957814
2019-05-10,146,115.2,5,8.0,590.3,3.7,3123.0842854544644
2019-05-11,151,116.1,5,3.0,533.4,3.7,3136.140981511361
2019-05-12,159,117.7,5,8.0,462.86,3.7,3155.5054262561503
2019-05-13,112,119.7,5,8.0,433.19,3.7,3169.508109715004
2019-05-14,111,119.7,10,1.0,573.32,3.7,3174.495742559897
2019-05-15,117,119.7,10,6.0,303.73,3.7,3182.159057320344
2019-05-16,114,119.8,10,5.0,547.87,,3192.115160283476
2019-05-17,114,118.9,10,7.0,654.59,3.7,3205.8399633681142
2019-05-18,162,118.9,10,4.0,494.38,3.7,3215.8863617404304
2019-05-19,160,118.9,10,5.0,561.37,3.7,3222.6191249015883
2019-05-20,117,119.1,10,4.0,574.01,3.7,3221.9880106448213
2019-05-21,115,119.0,10,4.0,634.45,3.7,3233.852606082408
2019-05-22,147,119.0,10,10.0,583.83,3.7,3242.966383763135
2019-05-23,145,119.0,10,4.0,528.04,3.6,3253.6655942468183
2019-05-24,125,119.0,10,10.0,645.55,3.6,3270.7758527251
2019-05-25,183,119.0,10,10.0,655.41,3.6,3275.964492495909
2019-05-26,181,119.0,10,4.0,343.31,3.6,3284.479690285986
2019-05-27,123,119.7,10,,357.03,,3298.693163678552
2019-05-28,116,119.6,10,5.0,459.4,3.6,3311.0297405924234
2019-05-29,122,119.6,10,8.0,512.01,3.6,3318.5395457570667
2019-05-30,126,119.3,10,,398.2,3.6,3330.729982506129
2019-05-31,116,118.7,15,3.0,586.86,,3335.0463893905467
2019-06-01,182,118.7,15,7.0,479.9,3.6,3333.790457023312
2019-06-02,172,118.7,15,9.0,682.33,,3338.3344036223584
2019-06-03,112,118.7,15,1.0,431.97,3.5,3340.56875523234
2019-06-04,129,118.5,15,6.0,420.21,3.5,3358.9118544521707
2019-06-05,147,118.4,15,2.0,503.54,3.5,3368.1614081439934
2019-06-06,111,118.6,15,4.0,518.17,3.5,3367.369347706992
2019-06-07,142,118.4,15,1.0,457.65,3.5,3371.3153732065566
2019-06-08,167,118.4,0,10.0,566.56,3.5,3368.0911239931283
2019-06-09,150,118.7,0,5.0,584.74,3.5,3366.7961421264945
2019-06-10,123,119.4,0,,598.84,3.5,3358.763555059398
2019-06-11,132,119.4,0,2.0,680.96,3.5,3353.2029059538727
2019-06-12,144,118.4,0,5.0,609.77,3.5,3334.712021017272
2019-06-13,120,117.2,0,4.0,436.35,3.5,3318.778896628869
2019-06-14,143,116.0,0,9.0,510.17,3.5,3289.4882075096198
2019-06-15,163,116.1,0,,406.28,3.5,3258.9540244472846
2019-06-16,167,116.1,0,5.0,510.05,3.5,3236.0813110840463
2019-06-17,150,116.2,0,3.0,520.92,3.5,3222.5859629891934
2019-06-18,149,116.2,0,7.0,572.21,3.5,3209.752659045841
2019-06-19,110,115.6,0,9.0,464.55,3.5,3197.218300851792
2019-06-20,118,114.6,0,5.0,443.8,3.5,3190.1616000358827
2019-06-21,137,113.4,0,9.0,398.58,3.5,3172.510855836412
2019-06-22,73,110.4,0,6.0,572.31,3.5,3162.7016032678234
2019-06-23,153,111.6,10,1.0,409.45,3.5,3160.539211891751
2019-06-24,118,113.0,10,8.0,426.2,3.5,3169.3384086715155
2019-06-25,125,113.0,10,10.0,422.32,3.5,3173.73786489437
2019-06-26,140,112.7,10,,583.17,3.5,3174.711530070552
2019-06-27,126,112.9,10,2.0,410.52,3.5,3161.166581227603
2019-06-28,124,112.9,10,3.0,337.39,3.5,3150.2219025368336
2019-06-29,157,113.5,10,1.0,350.53,3.5,3142.209196521836
2019-06-30,153,114.5,10,7.0,379.88,3.5,3138.9997360292723
2019-07-01,104,115.7,10,2.0,726.39,3.5,3136.685630394379
2019-07-02,110,119.5,10,8.0,593.34,3.8,3135.827172426751
2019-07-03,103,119.5,10,1.0,695.99,3.8,3127.4719503980523
2019-07-04,143,119.5,10,7.0,435.26,3.8,3114.523429860381
2019-07-05,111,119.4,10,1.0,469.54,3.8,3113.698024971203
2019-07-06,180,119.7,10,1.0,583.19,3.8,3122.6726452162493
2019-07-07,172,119.7,10,6.0,487.6,3.8,3131.582536865032
2019-07-08,109,119.3,10,3.0,618.83,3.8,3144.135408659162
2019-07-09,109,118.3,10,6.0,669.43,3.8,3154.2561980064384
2019-07-10,149,117.0,10,10.0,484.26,3.8,3156.0506068438126
2019-07-11,118,116.9,15,5.0,514.7,3.8,3169.8885989116648
2019-07-12,125,116.20000000000002,15,2.0,632.05,,3190.981764042419
2019-07-13,156,116.20000000000002,15,6.0,525.59,3.8,3209.6796083377176
2019-07-14,179,116.20000000000002,15,4.0,388.24,3.8,3222.277577264938
2019-07-15,137,116.3,15,6.0,454.48,3.8,3220.792654055765
2019-07-16,142,115.1,15,0.0,656.06,3.8,3210.8346057424296
2019-07-17,115,113.6,15,0.0,535.7,3.8,3204.9936584801417
2019-07-18,140,112.0,15,9.0,490.63,3.8,3200.641483334112
2019-07-19,117,111.5,15,,644.07,3.8,3194.2180452099806
2019-07-20,176,112.8,15,2.0,651.44,3.8,3189.3577907054128
2019-07-21,173,112.9,15,8.0,428.79,3.8,3183.461522138951
2019-07-22,104,113.8,15,,648.08,3.8,3158.3218440264754
2019-07-23,141,113.2,15,9.0,391.27,3.8,3130.8222031850664
2019-07-24,137,111.7,0,7.0,587.43,3.8,3112.281165861492
2019-07-25,133,111.0,0,10.0,322.15,3.8,3097.168621325234
2019-07-26,100,111.4,0,10.0,435.55,,3088.4400965235545
2019-07-27,182,112.9,0,6.0,658.95,3.8,3077.4370712086043
2019-07-28,175,114.9,0,2.0,636.51,3.8,3076.2018594219644
2019-07-29,139,115.9,0,2.0,413.28,3.8,3070.7479836949587
2019-07-30,144,115.9,0,10.0,474.38,3.8,3064.3644113078826
2019-07-31,124,115.6,0,5.0,525.74,3.8,3048.8049321745034
2019-08-01,130,115.6,0,,423.81,,3044.288308073701
2019-08-02,100,115.9,0,7.0,658.05,3.8,3048.71013511967
2019-08-03,176,117.4,0,4.0,440.31,3.8,3054.5753191877534
2019-08-04,172,118.1,0,9.0,295.12,3.8,3052.755255555594
2019-08-05,124,118.4,0,3.0,732.59,3.8,3047.720624214729
2019-08-06,132,118.1,0,6.0,439.89,3.8,3052.399124624318
2019-08-07,109,117.70000000000002,0,8.0,544.13,3.8,3042.413580642099
2019-08-08,147,117.70000000000002,0,0.0,431.31,3.8,3036.5590614535304
2019-08-09,147,117.40000000000002,0,10.0,518.54,3.8,3038.2781308942635
2019-08-10,188,117.7,0,4.0,586.82,3.8,3047.574274351884
2019-08-11,194,117.7,0,4.0,489.03,3.8,3057.6008971675737
2019-08-12,116,118.0,0,3.0,522.39,3.8,3062.951216075674
2019-08-13,102,117.5,0,4.0,371.57,3.4,3071.030555076063
2019-08-14,140,117.4,0,8.0,419.62,3.4,3096.9514374360506
2019-08-15,240,117.9,0,7.0,583.0,3.4,3120.143966528931
2019-08-16,223,118.20000000000002,0,,473.01,3.4,3135.6651019543183
2019-08-17,291,118.6,0,5.0,511.65,3.4,3152.339146036731
2019-08-18,276,119.1,15,0.0,472.58,3.4,3160.834560846785
2019-08-19,121,118.8,15,3.0,347.69,3.4,3163.780366703315
2019-08-20,105,118.20000000000002,15,1.0,669.23,3.4,3165.640817317841
2019-08-21,133,117.90000000000002,15,6.0,604.53,3.4,3165.335629121109
2019-08-22,135,117.70000000000002,15,5.0,330.03,3.4,3170.395872882826
2019-08-23,121,118.2,15,10.0,623.06,3.4,3163.481899412128
2019-08-24,163,118.3,15,0.0,482.39,3.4,3153.3385124164797
2019-08-25,183,118.3,15,9.0,497.07,3.4,3145.988947460278
2019-08-26,115,118.1,15,,497.23,3.8,3148.172933898619
2019-08-27,140,117.7,15,6.0,513.93,3.8,3156.1051670428587
2019-08-28,148,117.4,15,5.0,311.37,3.8,3174.372663672379
2019-08-29,148,117.8,15,7.0,535.86,,3192.255203016028
2019-08-30,132,117.7,15,7.0,469.52,3.8,3215.863990060706
2019-08-31,185,118.0,15,8.0,679.29,3.8,3241.3113027144964
2019-09-01,181,118.2,15,,476.21,3.8,3248.7481454985045
2019-09-02,116,118.2,15,5.0,358.89,3.8,3273.756901697472
2019-09-03,106,118.2,15,9.0,424.05,3.8,3308.584299315737
2019-09-04,102,118.0,15,4.0,315.51,,3344.2920080794306
2019-09-05,110,118.1,15,5.0,585.94,3.8,3369.0642306151453
2019-09-06,125,118.5,15,2.0,444.46,3.8,3392.936225858518
2019-09-07,165,118.8,15,7.0,584.9,3.8,3407.840197787206
2019-09-08,165,119.0,15,5.0,481.85,,3420.135589205111
2019-09-09,118,119.3,15,8.0,480.17,3.8,3423.408639162241
2019-09-10,126,119.29999999999998,15,1.0,485.63,3.8,3433.759781707193
2019-09-11,116,119.29999999999998,15,4.0,321.12,3.8,3457.844552752683
2019-09-12,141,119.0,15,7.0,568.72,3.8,3470.063496531841
2019-09-13,105,118.5,15,3.0,579.18,3.8,3471.7374750076124
2019-09-14,167,118.7,15,,743.71,3.8,3471.7374750076124
2019-09-15,159,118.8,10,8.0,616.28,3.8,3475.0595581035554
2019-09-16,133,118.6,10,4.0,543.79,3.6,3472.6144718569294
2019-09-17,115,118.6,10,6.0,615.66,3.6,3473.2636617509256
2019-09-18,136,118.1,10,3.0,520.39,3.6,3475.470478677344
2019-09-19,126,118.5,10,9.0,509.83,3.6,3474.1474380205154
2019-09-20,104,117.4,10,0.0,473.3,3.6,3468.5019238370774
2019-09-21,175,117.4,10,7.0,502.48,3.6,3468.82872770948
2019-09-22,188,117.7,10,1.0,626.68,3.6,3470.6214731667524
2019-09-23,107,117.9,10,,503.2,3.6,3470.621473166753
2019-09-24,144,117.9,10,10.0,615.05,3.6,3464.46409197329
2019-09-25,112,117.9,10,3.0,374.5,3.6,3454.033076562855
2019-09-26,143,117.5,10,9.0,633.22,3.5,3435.4328841992938
2019-09-27,117,116.3,10,4.0,441.34,3.5,3423.175052831068
2019-09-28,173,116.8,5,6.0,283.31,3.5,3410.4671368395407
2019-09-29,195,116.8,5,2.0,450.89,3.5,3395.890889596564
2019-09-30,126,117.8,5,8.0,363.12,3.5,3382.15895078166
2019-10-01,105,117.8,5,,571.95,3.5,3357.754503458625
2019-10-02,144,116.70000000000002,5,2.0,454.02,3.5,3327.3807697596685
2019-10-03,108,116.10000000000002,5,,512.73,3.5,3292.600057138576
2019-10-04,131,115.80000000000004,5,10.0,550.26,3.5,3268.1943530917824
2019-10-05,165,115.8,5,0.0,505.4,3.5,3245.1863063965748
2019-10-06,177,116.4,5,6.0,582.34,3.5,3238.085666329791
2019-10-07,149,117.6,5,6.0,472.86,3.5,3222.259239914084
2019-10-08,124,116.6,5,1.0,437.55,3.5,3210.2519015882785
2019-10-09,110,115.8,5,0.0,350.97,3.5,3199.790378007398
2019-10-10,149,114.6,5,3.0,475.69,3.5,3180.6471262715954
2019-10-11,126,112.70000000000002,5,0.0,510.56,3.5,3167.354884596121
2019-10-12,171,113.8,5,2.0,370.19,3.5,3164.153682803605
2019-10-13,188,114.70000000000002,5,0.0,667.39,3.5,3168.4800901071008
2019-10-14,112,114.4,5,7.0,308.27,3.5,3162.642420204839
2019-10-15,120,113.8,5,,506.89,3.5,3165.801856669236
2019-10-16,126,113.8,5,2.0,474.78,3.5,3152.679035425495
2019-10-17,147,113.8,5,5.0,496.9,3.5,3141.786939427182
2019-10-18,111,114.8,5,9.0,538.99,3.4,3128.0656030589744
2019-10-19,198,115.6,5,7.0,532.16,3.4,3118.1324911283
2019-10-20,161,116.9,5,7.0,321.46,3.4,3115.1828204967514
2019-10-21,106,118.7,5,,722.18,3.4,3108.041876201537
2019-10-22,148,118.1,5,0.0,348.58,3.4,3090.9418179670465
2019-10-23,139,117.4,5,2.0,478.07,3.4,3067.426333395558
2019-10-24,149,117.60000000000002,5,4.0,666.74,3.4,3054.305717231045
2019-10-25,140,116.8,5,6.0,482.45,3.4,3038.2585284871884
2019-10-26,150,116.79999999999998,5,3.0,495.69,3.4,3030.40939971541
2019-10-27,188,116.79999999999998,5,9.0,642.52,,3027.586592961821
2019-10-28,121,116.09999999999998,5,10.0,623.84,3.4,3020.5884351906666
2019-10-29,142,116.1,5,0.0,620.95,3.4,3015.8606885059826
2019-10-30,119,115.6,5,6.0,195.1,3.8,3005.5324368035726
2019-10-31,119,115.1,5,6.0,385.79,3.8,2986.47049772843
2019-11-01,113,114.3,5,10.0,692.06,,2972.5118549479857
2019-11-02,176,115.0,5,10.0,514.96,,2954.3202655884807
2019-11-03,163,115.4,5,7.0,320.88,3.8,2930.425547738283
2019-11-04,128,116.4,5,8.0,594.03,3.8,2911.053785057937
2019-11-05,123,115.5,5,8.0,381.27,3.8,2890.2404505325085
2019-11-06,127,114.5,10,3.0,481.93,3.8,2868.9338061082926
2019-11-07,143,114.7,10,6.0,669.38,3.8,2855.186191233011
2019-11-08,103,114.7,10,2.0,319.72,3.8,2825.972938332613
2019-11-09,181,115.2,10,,678.26,3.8,2799.193936899087
2019-11-10,189,115.8,10,3.0,566.0,3.8,2786.690008904475
2019-11-11,127,117.2,10,0.0,580.34,3.8,2783.71126456159
2019-11-12,109,117.2,10,3.0,540.99,3.8,2788.598651465063
2019-11-13,138,116.7,10,5.0,618.61,3.8,2802.188024435924
2019-11-14,110,116.8,10,0.0,554.05,3.8,2808.84116928767
2019-11-15,144,117.0,10,4.0,712.87,,2815.941620361741
2019-11-16,74,114.8,10,1.0,428.22,3.8,2822.7235756190307
2019-11-17,183,115.3,10,6.0,374.17,3.8,2832.858649373049
2019-11-18,125,115.3,10,6.0,414.84,3.8,2853.7725740692813
2019-11-19,129,115.0,10,3.0,667.33,3.8,2870.822834304994
2019-11-20,130,115.0,10,9.0,448.55,3.8,2876.7289394672102
2019-11-21,103,114.9,10,7.0,382.22,3.8,2864.5749162479938
2019-11-22,101,114.9,10,10.0,439.69,3.8,2854.936209217234
2019-11-23,170,115.4,10,9.0,487.03,3.5,2838.5737950870907
2019-11-24,164,115.70000000000002,10,2.0,718.8,3.5,2817.558019678977
2019-11-25,117,116.2,10,4.0,574.07,3.5,2795.11787340976
2019-11-26,146,119.4,10,9.0,553.26,3.5,2771.6700187009337
2019-11-27,144,119.4,10,1.0,613.82,3.5,2747.3188410095186
2019-11-28,122,118.8,10,7.0,509.98,3.5,2725.826177187222
2019-11-29,117,117.6,10,1.0,503.83,3.5,2712.8435975981765
2019-11-30,199,117.6,10,5.0,478.4,3.5,2709.531902375676
2019-12-01,182,117.7,10,5.0,498.72,3.5,2715.359988217136
2019-12-02,133,117.7,5,5.0,490.34,3.5,2720.9281691726464
2019-12-03,102,117.7,5,7.0,433.51,3.6,2720.1594761655474
2019-12-04,128,117.0,5,1.0,455.58,3.6,2727.7034829859103
2019-12-05,105,116.2,5,7.0,451.49,3.6,2740.138138753727
2019-12-06,148,115.9,5,5.0,522.88,3.6,2747.2668343075406
2019-12-07,152,115.9,5,0.0,459.43,3.6,2744.7184291680223
2019-12-08,184,116.5,5,4.0,539.29,3.6,2744.042562800737
2019-12-09,150,117.8,5,8.0,628.92,3.6,2738.1697715833416
2019-12-10,112,117.5,5,7.0,594.6,3.6,2727.5476541732496
2019-12-11,134,117.5,5,3.0,471.16,3.6,2713.369134513276
2019-12-12,103,117.5,5,0.0,422.75,3.6,2698.743930709569
2019-12-13,110,117.2,5,8.0,563.56,3.6,2681.5047055350133
2019-12-14,166,117.9,5,,625.73,3.6,2662.063987455839
2019-12-15,160,118.9,5,2.0,481.58,3.6,2644.342763135332
2019-12-16,142,118.9,5,4.0,672.89,,2631.5211725496483
2019-12-17,125,118.9,5,1.0,526.73,3.6,2622.62883341224
2019-12-18,128,118.1,5,10.0,520.63,,2603.1552862949397
2019-12-19,128,117.4,5,3.0,391.69,,2585.097227378642
2019-12-20,220,117.70000000000002,5,2.0,460.4,3.6,2570.1571773014484
2019-12-21,163,117.70000000000002,5,0.0,481.93,3.6,2558.2740151884705
2019-12-22,180,117.70000000000002,5,7.0,563.89,3.6,2544.243737412545
2019-12-23,126,118.0,5,10.0,247.62,3.6,2546.8047813920684
2019-12-24,136,118.0,5,3.0,381.91,3.6,2544.010972562305
2019-12-25,115,117.5,5,9.0,430.84,3.6,2543.9206575052704
2019-12-26,136,117.3,5,4.0,628.43,3.6,2540.2474077562665
2019-12-27,136,116.0,5,6.0,321.7,3.6,2534.231806243038
2019-12-28,187,116.8,5,8.0,503.03,3.6,2533.499701490914
2019-12-29,190,117.7,5,1.0,480.73,3.6,2533.499701490914
2019-12-30,144,117.7,5,9.0,449.24,3.6,2533.499701490914
2019-12-31,143,117.7,5,2.0,344.2,3.6,2538.8693814001795
2020-01-01,102,117.7,5,8.0,615.09,3.6,2546.219318543298
2020-01-02,131,117.7,5,7.0,550.04,,2537.8553230619405
2020-01-03,141,117.6,5,10.0,383.88,3.6,2538.603556969505
2020-01-04,82,114.9,5,4.0,499.3,3.6,2539.979894104861
2020-01-05,155,115.4,5,8.0,593.13,,2545.8592611716795
2020-01-06,140,116.7,5,2.0,494.52,3.6,2548.141956478463
2020-01-07,115,116.7,0,9.0,547.0,3.6,2554.2499051875548
2020-01-08,149,116.7,0,,442.18,3.8,2556.175574984436
2020-01-09,119,116.2,0,1.0,564.07,3.8,2556.175574984436
2020-01-10,140,116.2,0,,406.04,3.8,2551.409955850184
2020-01-11,189,116.2,0,8.0,503.78,3.8,2546.2653991877705
2020-01-12,155,116.2,0,9.0,767.04,3.8,2546.2653991877705
2020-01-13,128,116.0,0,7.0,455.69,3.8,2540.268892990598
2020-01-14,147,119.2,0,10.0,446.57,3.8,2529.540337878031
2020-01-15,133,119.2,0,8.0,420.35,,2517.117049886291
2020-01-16,139,119.2,0,8.0,600.11,3.8,2510.843059761692
2020-01-17,148,118.7,0,1.0,465.81,3.8,2504.7351110526
2020-01-18,182,118.7,10,8.0,455.96,3.8,2506.752584682443
2020-01-19,163,119.2,10,6.0,578.26,3.8,2509.075527977479
2020-01-20,136,119.2,10,6.0,502.93,3.8,2513.163799741337
2020-01-21,108,119.1,10,3.0,442.56,3.7,2512.1765942814286
2020-01-22,146,119.1,10,4.0,374.63,3.7,2512.176594281429
2020-01-23,101,119.4,10,2.0,489.72,3.7,2516.2784045429385
2020-01-24,120,118.5,10,6.0,419.87,3.7,2516.2784045429385
2020-01-25,183,118.5,10,2.0,494.93,3.7,2519.9429024715123
2020-01-26,198,118.5,10,1.0,505.78,3.7,2522.875301724402
2020-01-27,113,118.3,10,8.0,435.85,3.7,2522.875301724402
2020-01-28,146,117.1,10,5.0,427.97,3.7,2520.3548172220558
2020-01-29,144,115.4,10,6.0,522.13,3.7,2518.0318739270188
2020-01-30,104,114.5,10,3.0,605.01,3.7,2513.339541388148
2020-01-31,122,114.1,10,0.0,578.85,3.7,2517.99443377623
2020-02-01,188,114.1,10,1.0,661.68,3.7,2523.189771405052
2020-02-02,199,114.1,10,4.0,439.52,3.7,2523.5413911487854
2020-02-03,108,114.7,10,,430.0,,2531.194177985637
2020-02-04,150,114.1,10,5.0,562.16,3.7,2528.277222578275
2020-02-05,143,112.8,10,0.0,656.18,3.7,2527.115370082284
2020-02-06,141,111.90000000000002,10,9.0,360.15,3.7,2534.0521086978238
2020-02-07,113,111.70000000000002,10,0.0,482.07,3.7,2532.629449773446
2020-02-08,153,113.4,10,8.0,329.28,3.7,2544.7699795077538
2020-02-09,170,114.3,10,3.0,553.05,3.7,2563.10825761046
2020-02-10,148,114.4,15,,523.06,,2571.877953748901
2020-02-11,127,113.0,15,7.0,453.7,3.7,2571.311224137825
2020-02-12,110,111.8,15,2.0,588.6,3.7,2576.091537985588
2020-02-13,120,111.29999999999998,15,10.0,582.31,3.7,2573.8248505032343
2020-02-14,121,111.2,15,5.0,529.45,3.7,2578.72860867046
2020-02-15,152,112.5,15,7.0,388.24,3.7,2587.015848841855
2020-02-16,176,114.1,15,5.0,493.08,3.7,2596.9091740454337
2020-02-17,121,115.5,15,10.0,488.44,,2616.6410254880257
2020-02-18,111,115.5,15,2.0,382.06,3.5,2626.216903603989
2020-02-19,138,115.5,15,4.0,491.14,3.5,2627.877901361187
2020-02-20,121,115.9,15,5.0,474.88,3.5,2634.3045905107547
2020-02-21,133,117.2,15,9.0,443.69,3.5,2655.4213737455493
2020-02-22,162,118.4,15,1.0,542.6,3.5,2673.529978444311
2020-02-23,161,119.2,15,5.0,503.68,3.5,2690.755313060115
2020-02-24,117,119.9,15,2.0,472.29,3.5,2716.274336071073
2020-02-25,118,119.1,15,6.0,406.6,3.5,2745.6781293747786
2020-02-26,125,117.3,5,8.0,420.82,3.5,2764.4217104615595
2020-02-27,121,115.6,5,5.0,371.73,,2782.10254057877
2020-02-28,143,114.4,5,7.0,550.87,3.5,2795.849903865546
2020-02-29,190,114.4,5,6.0,485.87,3.5,2812.167291252654
2020-03-01,197,114.4,5,2.0,422.21,3.5,2817.2359325103057
2020-03-02,143,114.5,5,6.0,574.23,3.5,2815.6483125763057
2020-03-03,135,114.2,5,8.0,353.76,3.5,2822.021625608736
2020-03-04,236,114.2,5,,396.44,3.5,2833.00426199135
2020-03-05,141,114.2,5,6.0,510.57,,2836.748986916276
2020-03-06,134,114.9,5,9.0,523.67,3.4,2828.699284469
2020-03-07,180,116.7,5,8.0,472.58,3.4,2827.887060183757
2020-03-08,173,118.4,5,2.0,523.87,3.4,2811.908226328442
2020-03-09,138,119.6,5,9.0,485.9,3.4,2794.233797980978
2020-03-10,126,119.5,5,4.0,421.55,3.4,2782.4267081383723
2020-03-11,142,119.5,5,0.0,469.08,3.4,2780.52761713373
2020-03-12,149,118.7,5,7.0,600.38,3.4,2785.864992074148
2020-03-13,114,119.0,5,6.0,470.72,3.4,2776.986602211261
2020-03-14,173,119.0,5,2.0,433.2,3.4,2767.034318914129
2020-03-15,176,119.0,5,10.0,277.51,,2754.8080173509543
2020-03-16,146,119.1,5,9.0,385.91,3.4,2747.879719373567
2020-03-17,128,119.1,5,10.0,479.29,3.4,2734.2242020263016
2020-03-18,141,118.5,5,0.0,488.14,3.4,2737.522629116744
2020-03-19,120,118.5,0,9.0,601.05,3.4,2752.354935988816
2020-03-20,124,118.6,0,0.0,479.54,3.4,2762.7437941731946
2020-03-21,189,118.6,0,1.0,467.7,,2782.708945154724
2020-03-22,184,119.4,0,3.0,529.95,3.8,2796.5596319785545
2020-03-23,143,119.3,0,5.0,615.67,3.8,2818.852822427744
2020-03-24,133,118.20000000000002,0,6.0,592.48,3.8,2836.2497807142527
2020-03-25,131,116.8,0,10.0,312.74,3.8,2852.9129336558217
2020-03-26,125,115.9,0,,639.09,3.8,2870.912978950915
2020-03-27,139,115.3,0,2.0,401.21,3.8,2892.399596175046
2020-03-28,170,115.9,15,7.0,540.79,3.8,2907.7684862696515
2020-03-29,183,115.9,15,1.0,463.4,3.8,2908.165929520152
2020-03-30,121,115.9,15,3.0,370.51,3.8,2907.4742233002453
2020-03-31,142,115.1,15,9.0,488.99,3.8,2899.236218045663
2020-04-01,118,114.1,15,8.0,498.03,,2893.725951422634
2020-04-02,114,113.3,15,9.0,614.58,3.6,2888.009652741864
2020-04-03,142,113.4,15,9.0,448.24,3.6,2895.3038560091804
2020-04-04,153,114.8,15,5.0,472.15,3.6,2896.286132759617
2020-04-05,175,115.7,15,6.0,530.73,3.6,2893.1363149903027
2020-04-06,123,116.3,15,3.0,594.93,3.6,2893.4300894833204
2020-04-07,108,115.70000000000002,15,6.0,740.18,,2891.915215613918
2020-04-08,128,114.10000000000002,15,5.0,721.85,3.6,2901.781833292781
2020-04-09,126,112.20000000000002,0,0.0,533.43,3.6,2908.166072768339
2020-04-10,147,111.5,0,4.0,445.16,3.6,2910.728133301224
2020-04-11,162,112.5,0,6.0,446.71,3.6,2911.7681033187755
2020-04-12,196,113.4,0,9.0,416.97,3.6,2916.48434044296
2020-04-13,102,113.8,0,6.0,421.96,3.6,2911.082446385789
2020-04-14,136,113.0,0,4.0,525.84,3.6,2917.310062378716
2020-04-15,119,112.40000000000002,0,2.0,424.13,3.6,2927.056760440555
2020-04-16,125,111.90000000000002,0,7.0,623.73,3.6,2937.319331338029
2020-04-17,148,112.0,0,,559.72,3.6,2951.6553644653427
2020-04-18,199,113.6,0,10.0,579.12,3.6,2963.332224055218
2020-04-19,186,115.5,0,9.0,272.46,3.6,2984.0890632809883
2020-04-20,125,116.4,0,6.0,280.18,3.4,3010.9287750360563
2020-04-21,112,116.1,0,2.0,611.19,3.4,3033.122161068716
2020-04-22,111,115.0,0,2.0,697.95,3.4,3045.3156650169785
2020-04-23,133,114.8,0,9.0,367.98,3.4,3060.119735816605
2020-04-24,145,114.6,0,8.0,605.57,3.4,3070.464554784716
2020-04-25,191,115.2,0,5.0,562.41,3.4,3081.2441477053
2020-04-26,193,115.7,0,7.0,459.6,3.4,3086.7889214030943
2020-04-27,127,115.9,0,4.0,639.8,3.4,3094.57872803993
2020-04-28,142,115.4,0,2.0,526.49,3.4,3105.1168545743567
2020-04-29,114,114.4,0,3.0,396.07,3.4,3108.0466030635644
2020-04-30,137,114.10000000000002,5,6.0,454.71,3.4,3111.521968473359
2020-05-01,103,113.6,5,1.0,447.73,3.4,3122.621889728536
2020-05-02,158,114.7,5,3.0,479.91,3.4,3133.861870903724
2020-05-03,151,115.5,5,4.0,278.23,3.4,3144.4565793548654
2020-05-04,246,116.5,5,5.0,397.27,3.5,3153.8515388039727
2020-05-05,143,116.5,5,1.0,412.3,3.5,3170.020818139131
2020-05-06,123,116.0,5,5.0,506.88,,3181.9524322408565
2020-05-07,102,116.20000000000002,5,9.0,340.42,3.5,3199.2090105665184
2020-05-08,143,116.70000000000002,15,9.0,195.79,3.5,3210.2879237423654
2020-05-09,199,117.70000000000002,15,1.0,545.4,3.5,3216.8517906123698
2020-05-10,163,118.6,15,1.0,515.3,3.5,3216.179516133768
2020-05-11,104,119.1,15,10.0,464.21,3.5,3202.44728496618
2020-05-12,105,118.6,15,10.0,590.61,3.5,3180.2165956288272
2020-05-13,134,118.20000000000002,15,7.0,557.69,3.5,3152.151865634813
2020-05-14,115,117.90000000000002,15,3.0,472.96,3.5,3127.9453502485785
2020-05-15,114,117.2,15,6.0,484.9,3.5,3089.004990245033
2020-05-16,180,117.7,15,7.0,541.28,3.5,3059.1152950419014
2020-05-17,182,117.8,15,2.0,398.2,3.5,3017.723136545387
2020-05-18,107,117.8,15,8.0,592.94,3.5,2978.9992224295324
2020-05-19,132,117.8,15,,571.22,3.5,2951.146390253203
2020-05-20,144,117.8,15,,465.68,,2920.138597953398
2020-05-21,135,118.0,15,8.0,446.14,3.5,2904.9265877770613
2020-05-22,108,117.90000000000002,15,7.0,488.37,3.5,2893.4605910634505
2020-05-23,172,118.3,15,10.0,748.27,3.5,2888.9408993053844
2020-05-24,152,118.6,15,9.0,446.0,3.5,2877.1258084164447
2020-05-25,130,118.70000000000002,15,2.0,568.21,3.5,2875.9632861073987
2020-05-26,105,118.6,15,8.0,435.22,3.5,2874.9577616074102
2020-05-27,142,118.6,15,7.0,377.61,3.5,2875.303995570134
2020-05-28,149,118.6,15,4.0,600.2,3.5,2871.085382917302
2020-05-29,135,117.8,15,,651.79,3.5,2860.518190600172
2020-05-30,187,117.8,15,6.0,315.4,3.5,2853.013514179358
2020-05-31,154,117.9,15,8.0,499.01,3.5,2846.837048409913
2020-06-01,141,118.0,15,2.0,311.96,3.5,2857.3591233870143
2020-06-02,112,116.9,15,4.0,405.25,3.5,2868.884468903318
2020-06-03,127,116.1,15,1.0,473.53,3.5,2878.8426784323674
2020-06-04,119,116.4,5,1.0,516.82,3.5,2885.0971882398862
2020-06-05,117,116.5,5,3.0,428.98,3.5,2885.204776126752
2020-06-06,193,116.5,5,0.0,283.94,3.5,2885.4601808029824
2020-06-07,186,116.5,5,1.0,373.34,3.4,2893.0136120347074
2020-06-08,110,117.3,5,4.0,508.93,3.4,2904.2009591194123
2020-06-09,127,117.3,5,5.0,689.41,3.4,2912.40136649679
2020-06-10,134,117.1,5,4.0,503.22,3.4,2912.962059000347
2020-06-11,147,117.4,5,1.0,559.35,3.4,2905.3909550274934
2020-06-12,136,118.5,5,8.0,687.11,3.4,2902.818799771864
2020-06-13,161,119.3,5,5.0,437.51,3.4,2910.9256682350424
2020-06-14,186,119.6,5,7.0,500.93,3.4,2916.00336469006
2020-06-15,126,119.6,5,2.0,308.63,3.4,2915.817510388464
2020-06-16,117,119.3,5,1.0,394.85,3.4,2918.7223933194587
2020-06-17,121,119.3,5,1.0,589.91,3.4,2912.2843911065843
2020-06-18,108,118.6,5,4.0,539.35,3.4,2901.159139023935
2020-06-19,112,118.6,5,,668.81,3.4,2896.7382024890867
2020-06-20,157,118.8,5,9.0,527.37,3.4,2901.2889675639703
2020-06-21,195,119.0,5,7.0,595.71,3.4,2914.960403872848
2020-06-22,130,118.7,5,0.0,560.19,3.4,2923.560174336332
2020-06-23,106,118.2,5,1.0,489.02,3.4,2932.382795442907
2020-06-24,127,116.7,5,10.0,613.39,3.4,2944.2843984870306
2020-06-25,127,114.4,5,0.0,366.11,3.4,2963.344670743556
2020-06-26,111,111.7,5,2.0,503.57,3.8,2983.6191082278274
2020-06-27,183,111.7,5,1.0,468.55,3.8,3001.2197294709413
2020-06-28,181,112.4,5,6.0,419.58,3.8,3023.247861391292
2020-06-29,121,112.3,5,8.0,449.73,,3039.9997522966305
2020-06-30,142,111.3,5,8.0,428.33,3.8,3041.542736696484
2020-07-01,132,109.70000000000002,0,0.0,441.48,,3033.0069488159565
2020-07-02,102,108.60000000000002,0,7.0,395.17,3.8,3033.578156159409
2020-07-03,121,107.10000000000002,0,7.0,675.95,3.8,3027.5377225941693
2020-07-04,184,108.6,0,8.0,327.26,3.8,3015.538914531705
2020-07-05,155,110.9,0,9.0,523.37,3.8,3000.583258996959
2020-07-06,130,113.9,0,6.0,473.42,3.6,2983.035047307429
2020-07-07,145,113.9,0,9.0,445.51,3.6,2979.149867464496
2020-07-08,103,113.9,0,7.0,442.81,3.6,2970.4463901069844
2020-07-09,128,114.0,0,10.0,471.19,3.6,2965.167632934449
2020-07-10,128,115.0,0,9.0,587.01,3.6,2968.1428491668985
2020-07-11,197,116.6,0,3.0,550.69,3.6,2964.341332473805
2020-07-12,154,118.0,0,4.0,517.17,3.6,2945.4357831071998
2020-07-13,134,119.1,0,0.0,460.22,3.5,2926.3986083967616
2020-07-14,103,117.5,0,2.0,581.23,3.5,2914.871159245883
2020-07-15,148,116.0,0,5.0,471.32,3.5,2913.636746420982
2020-07-16,132,114.8,0,2.0,454.53,3.5,2915.4722159211487
2020-07-17,135,114.2,0,8.0,495.72,3.5,2922.8861685881693
2020-07-18,199,114.2,0,0.0,306.33,3.5,2943.0028005229565
2020-07-19,193,114.2,0,8.0,442.49,3.5,2964.400515574313
2020-07-20,134,113.9,0,2.0,415.0,3.5,2976.2859983550725
2020-07-21,123,113.9,0,7.0,546.07,3.5,2994.755472127966
2020-07-22,116,113.7,0,2.0,574.43,3.5,3016.2483022468705
2020-07-23,110,114.6,0,10.0,512.42,3.6,3043.61710718306
2020-07-24,137,115.8,0,9.0,405.42,3.6,3066.25837139026
2020-07-25,182,117.3,0,9.0,381.79,3.6,3079.761150767913
2020-07-26,256,118.5,0,4.0,437.93,3.6,3095.1356933442444
2020-07-27,235,119.1,0,2.0,617.08,3.6,3095.0484518801204
2020-07-28,209,119.1,15,10.0,553.09,3.6,3084.739432720946
2020-07-29,121,119.0,15,4.0,542.82,3.6,3074.8650676361194
2020-07-30,104,119.3,15,,569.54,3.6,3066.450908511867
2020-07-31,138,119.3,15,10.0,435.54,3.6,3057.655855596717
2020-08-01,172,119.5,15,,566.38,3.6,3047.754312050839
2020-08-02,193,119.5,15,8.0,454.61,3.6,3024.8012653945043
2020-08-03,121,119.9,15,6.0,550.78,3.6,3009.0830984540376
2020-08-04,107,119.8,15,5.0,704.64,3.6,2999.640557653814
2020-08-05,138,119.5,15,9.0,460.55,3.6,2984.512666801783
2020-08-06,146,119.3,15,1.0,353.37,3.6,2983.703230386064
2020-08-07,106,119.3,15,5.0,533.51,3.6,2976.958580654993
2020-08-08,178,119.4,15,6.0,505.84,3.6,2979.219662691147
2020-08-09,158,119.4,15,8.0,540.62,3.6,2993.523757354464
2020-08-10,148,119.1,15,1.0,471.67,3.6,3011.1850072788684
2020-08-11,106,119.1,15,9.0,458.23,3.6,3027.2471577140304
2020-08-12,129,119.1,15,8.0,578.58,3.6,3051.624943051621
2020-08-13,122,118.70000000000002,15,5.0,492.35,3.8,3069.746426992234
2020-08-14,148,117.8,5,1.0,553.11,3.8,3082.106192722241
2020-08-15,114,114.1,5,10.0,433.23,3.8,3096.592793427444
2020-08-16,117,110.3,5,3.0,378.67,3.8,3098.5661101052283
2020-08-17,117,106.3,5,4.0,527.56,3.8,3092.4566870334875
2020-08-18,143,102.70000000000002,5,3.0,626.68,3.8,3077.196182249692
2020-08-19,112,99.60000000000002,5,2.0,570.17,3.8,3056.401347210649
2020-08-20,104,97.5,5,2.0,431.51,3.8,3036.132700455354
2020-08-21,135,95.7,5,7.0,462.89,3.8,3021.521608025266
2020-08-22,186,95.7,5,9.0,470.02,3.8,3002.6014550140703
2020-08-23,200,96.1,5,3.0,551.98,3.8,2981.087790248916
2020-08-24,101,97.1,5,1.0,521.36,3.8,2965.170892998319
2020-08-25,134,101.1,5,4.0,559.96,3.8,2944.0887824763977
2020-08-26,147,105.1,5,0.0,596.16,3.8,2917.151668972872
2020-08-27,101,109.0,5,3.0,369.55,3.8,2902.362683019767
2020-08-28,107,111.9,5,8.0,506.89,3.8,2880.7768111373653
2020-08-29,170,115.0,5,7.0,606.17,3.8,2855.036047693616
2020-08-30,200,117.4,5,2.0,478.66,3.8,2828.329996370081
2020-08-31,115,118.9,5,4.0,542.79,3.8,2797.2408815012795
2020-09-01,130,118.8,5,1.0,485.19,3.8,2771.4630778660567
2020-09-02,141,118.8,5,10.0,523.44,3.8,2749.841626640776
2020-09-03,142,118.70000000000002,5,4.0,524.48,3.8,2724.2285732884948
2020-09-04,132,118.3,5,,504.8,3.8,2707.2342682199887
2020-09-05,180,118.3,5,1.0,456.42,3.8,2703.7966621992555
2020-09-06,170,118.4,5,4.0,528.65,3.8,2701.11159781472
2020-09-07,123,119.1,5,3.0,598.19,3.8,2702.138430961392
2020-09-08,148,118.7,5,0.0,454.12,3.8,2708.984436088858
2020-09-09,146,118.0,0,9.0,669.06,3.8,2716.266438887717
2020-09-10,110,117.7,0,3.0,332.4,3.8,2725.4605477328614
2020-09-11,128,116.5,0,7.0,608.62,3.8,2737.7108130589595
2020-09-12,184,116.5,0,9.0,524.32,3.8,2751.923935838657
2020-09-13,196,116.6,0,1.0,563.82,3.8,2770.9573830849117
2020-09-14,102,116.60000000000002,0,10.0,598.7,3.8,2783.39633996902
2020-09-15,147,116.5,0,,357.85,3.8,2789.1272092753084
2020-09-16,133,116.5,0,5.0,264.46,3.8,2798.4060776532324
2020-09-17,143,116.5,0,5.0,432.2,3.8,2803.392130561232
2020-09-18,146,116.9,0,0.0,530.29,3.8,2804.0123558564906
2020-09-19,186,117.6,0,9.0,739.53,3.5,2806.525410766709
2020-09-20,183,118.2,0,3.0,443.34,3.5,2799.432331866784
2020-09-21,150,119.5,0,1.0,498.34,3.5,2790.558109439491
2020-09-22,124,119.5,0,0.0,684.61,3.5,2779.76607472703
2020-09-23,140,119.5,0,8.0,558.64,3.5,2765.738183837936
2020-09-24,121,119.9,0,3.0,388.12,3.5,2752.9136990598213
2020-09-25,112,120.0,0,7.0,504.24,3.5,2740.823469851458
2020-09-26,182,120.0,0,4.0,488.52,3.5,2726.3185690838677
2020-09-27,175,120.0,0,7.0,575.94,3.5,2721.239557644847
2020-09-28,126,118.7,0,8.0,557.83,3.4,2704.8541252876416
2020-09-29,106,116.6,0,4.0,544.23,3.4,2681.947185657941
2020-09-30,145,114.4,0,7.0,497.71,3.4,2675.753312986484
2020-10-01,104,112.8,0,6.0,546.21,3.4,2662.367018593482
2020-10-02,131,110.8,0,7.0,617.88,3.4,2650.4957700263444
2020-10-03,153,110.8,0,3.0,481.96,3.4,2635.1448861572653
2020-10-04,199,110.8,0,4.0,461.72,3.4,2627.400492021183
2020-10-05,150,110.8,0,5.0,400.34,3.4,2622.86013000253
2020-10-06,125,110.8,0,2.0,368.72,,2609.173843256893
2020-10-07,149,110.8,0,8.0,569.44,3.4,2602.340152611212
2020-10-08,140,112.0,0,5.0,459.35,3.5,2604.8435322522587
2020-10-09,108,114.1,0,9.0,351.63,3.5,2607.419274216299
2020-10-10,192,116.3,0,7.0,401.65,3.5,2599.007562668338
2020-10-11,194,117.9,0,6.0,476.3,3.5,2592.832171480263
2020-10-12,121,119.9,10,2.0,327.2,3.5,2583.738819331827
2020-10-13,112,119.9,10,6.0,496.79,3.5,2581.1656653271825
2020-10-14,100,119.5,10,1.0,366.19,3.5,2573.497646514949
2020-10-15,138,118.5,10,0.0,492.06,3.5,2569.322233099489
2020-10-16,104,118.0,10,3.0,574.04,3.5,2572.859240897777
2020-10-17,158,118.0,10,0.0,734.57,3.6,2569.1880466604325
2020-10-18,160,118.1,10,8.0,538.84,3.6,2577.075319789573
2020-10-19,112,117.7,10,7.0,733.58,3.6,2587.833791555872
2020-10-20,122,117.0,10,6.0,436.79,3.6,2601.0213992516155
2020-10-21,103,116.6,10,9.0,404.61,3.6,2613.090328644318
2020-10-22,104,116.6,10,3.0,536.91,3.6,2621.829962776133
2020-10-23,130,116.6,10,7.0,439.51,3.6,2628.8999796593407
2020-10-24,188,117.0,10,2.0,469.32,3.6,2641.109032783824
2020-10-25,184,118.0,10,6.0,449.86,3.6,2648.1081002995247
2020-10-26,108,118.5,10,2.0,571.14,3.6,2654.7827399809407
2020-10-27,133,118.4,10,7.0,561.79,3.6,2659.615711001705
2020-10-28,149,117.0,10,6.0,445.05,3.6,2654.6530232509685
2020-10-29,147,115.7,10,2.0,587.49,3.7,2644.850680775212
2020-10-30,128,115.2,10,3.0,367.77,3.7,2644.1524551324114
2020-10-31,195,115.6,10,9.0,512.98,3.7,2648.1142130494623
2020-11-01,183,115.6,10,4.0,518.56,,2655.1653716206315
2020-11-02,114,115.0,10,5.0,663.59,3.7,2663.583525865841
2020-11-03,140,115.0,10,3.0,437.23,3.7,2671.6951236029745
2020-11-04,118,115.0,10,1.0,545.93,3.7,2670.7585529691646
2020-11-05,141,115.0,10,,401.28,3.7,2669.531446741509
2020-11-06,147,115.1,10,7.0,673.83,3.7,2669.081836851872
2020-11-07,156,116.5,10,2.0,470.58,3.7,2671.3499560677787
2020-11-08,199,118.2,10,7.0,355.43,3.7,2673.2102891028626
2020-11-09,109,119.2,10,,434.54,3.7,2668.3692150781985
2020-11-10,112,117.8,10,0.0,435.02,3.7,2666.996599942593
2020-11-11,107,116.20000000000002,10,7.0,389.16,3.7,2661.3074621413534
2020-11-12,147,115.0,10,1.0,431.31,3.7,2656.4051625252077
2020-11-13,129,112.70000000000002,10,4.0,440.87,3.7,2648.528328188861
2020-11-14,200,112.70000000000002,10,,599.49,3.7,2658.8631806338053
2020-11-15,193,112.7,10,1.0,532.6,3.7,2667.160839333476
2020-11-16,142,112.7,10,1.0,462.82,3.7,2668.483973552738
2020-11-17,130,112.2,10,2.0,407.57,3.7,2667.2345860735727
2020-11-18,112,111.3,10,0.0,726.14,3.7,2665.3085779147978
2020-11-19,119,110.6,10,,531.87,3.7,2666.0238907227326
2020-11-20,104,110.6,10,6.0,409.97,3.7,2678.052207689571
2020-11-21,199,112.2,10,5.0,702.34,3.7,2699.284736679206
2020-11-22,160,114.0,10,6.0,455.12,3.7,2713.286740709469
2020-11-23,134,116.3,10,0.0,403.24,3.7,2719.514318067836
2020-11-24,138,116.3,10,5.0,704.66,3.7,2717.475883210086
2020-11-25,127,115.70000000000002,10,9.0,424.53,3.7,2720.3610394947405
2020-11-26,149,115.70000000000002,10,0.0,575.11,3.6,2725.879613388749
2020-11-27,148,116.0,10,,475.26,,2732.9794336389505
2020-11-28,157,116.9,10,9.0,499.47,3.6,2743.185053424352
2020-11-29,194,117.8,10,1.0,486.74,3.6,2759.421943705208
2020-11-30,112,119.2,10,2.0,504.1,3.6,2763.7675337793294
2020-12-01,149,119.2,10,8.0,761.89,3.6,2763.805972951233
2020-12-02,146,119.2,10,0.0,721.91,3.6,2772.2205938236966
2020-12-03,109,118.9,10,,499.71,3.6,2786.357901660252
2020-12-04,129,118.2,10,7.0,456.86,3.6,2801.2374188874
2020-12-05,193,118.8,10,4.0,396.77,3.6,2808.474380668581
2020-12-06,169,118.8,10,7.0,383.45,3.6,2812.8197783023425
2020-12-07,104,119.0,10,2.0,415.61,3.6,2821.2545214332613
2020-12-08,125,119.0,10,3.0,555.14,3.6,2838.3794297289364
2020-12-09,112,119.0,10,1.0,447.53,3.6,2850.3897241423942
2020-12-10,128,118.8,10,5.0,685.79,3.6,2855.70990018154
2020-12-11,118,118.8,10,10.0,520.41,3.6,2863.6408004610817
2020-12-12,175,118.8,10,6.0,521.19,3.6,2869.146850310609
2020-12-13,199,119.1,10,6.0,537.29,3.6,2880.8576028858624
2020-12-14,119,119.2,10,7.0,507.94,,2889.4000310208385
2020-12-15,117,118.6,10,7.0,614.34,3.6,2911.3570455082804
2020-12-16,146,118.6,10,8.0,657.21,3.6,2940.462048776477
2020-12-17,135,118.6,10,2.0,472.39,3.8,2960.824623910002
2020-12-18,109,118.6,10,9.0,453.56,3.8,2977.8330777803862
2020-12-19,186,118.6,10,0.0,389.73,3.8,2991.507587379411
2020-12-20,159,118.8,10,5.0,595.08,3.8,3010.936526609386
2020-12-21,103,118.7,10,7.0,304.3,3.8,3031.668265450304
2020-12-22,145,118.5,0,2.0,509.29,3.8,3057.0686697338897
2020-12-23,100,117.8,0,4.0,360.85,,3079.358085751764
2020-12-24,137,117.8,0,8.0,557.73,3.8,3102.1041233180867
2020-12-25,116,117.8,0,2.0,487.03,3.8,3119.283466144036
2020-12-26,194,117.8,0,10.0,550.81,3.8,3128.9533343592107
2020-12-27,163,117.8,0,0.0,477.29,3.8,3138.988953315722
2020-12-28,126,117.0,0,8.0,374.86,3.8,3138.0633084107376
2020-12-29,147,115.8,0,8.0,373.44,3.8,3136.225194607079
2020-12-30,128,114.8,0,0.0,546.23,3.8,3138.1363060076405
2020-12-31,130,113.5,0,,684.17,3.8,3135.3893986889625
2021-01-01,110,111.9,0,0.0,537.83,3.8,3126.6224302596606
2021-01-02,186,112.6,0,2.0,563.33,3.8,3111.828894685667
2021-01-03,152,113.2,0,3.0,488.84,3.8,3102.03716645431
2021-01-04,120,113.5,0,1.0,613.35,3.8,3091.6505329975125
2021-01-05,103,112.8,0,8.0,346.57,3.8,3084.6055750889464
2021-01-06,131,111.70000000000002,0,3.0,515.13,3.8,3090.039103859914
2021-01-07,117,110.60000000000002,0,5.0,543.67,3.8,3107.900324191356
2021-01-08,102,108.8,0,0.0,406.0,3.8,3135.1265706928684
2021-01-09,180,109.8,0,6.0,752.46,3.8,3152.055870645348
2021-01-10,156,111.20000000000002,0,7.0,469.16,3.8,3174.086716848296
2021-01-11,143,113.0,0,6.0,611.36,3.8,3183.9082209191824
2021-01-12,117,112.6,0,2.0,428.28,3.8,3206.27101728677
2021-01-13,102,112.2,0,3.0,630.26,3.8,3216.1010503927128
2021-01-14,142,112.0,0,3.0,565.53,3.7,3235.7907171330253
2021-01-15,105,111.79999999999998,10,5.0,521.16,3.7,3253.4037448834
2021-01-16,150,112.9,10,2.0,364.11,3.7,3269.026329455314
2021-01-17,189,114.8,10,8.0,575.05,3.7,3274.538573038014
2021-01-18,129,117.8,10,,521.88,3.7,3272.3541198083403
2021-01-19,108,117.8,10,1.0,212.41,3.7,3273.4648579531136
2021-01-20,146,117.5,10,2.0,538.16,3.7,3264.9615259480147
2021-01-21,114,117.5,10,8.0,416.88,3.7,3268.397963589792
2021-01-22,126,117.9,10,6.0,409.3,3.7,3261.0314305541992
2021-01-23,185,118.3,10,8.0,504.51,3.7,3263.3131454762524
2021-01-24,167,118.8,10,2.0,406.69,3.7,3263.2400437962738
2021-01-25,131,119.7,10,10.0,633.93,3.7,3270.051974310018
2021-01-26,120,119.7,10,4.0,425.49,3.7,3269.5962240539925
2021-01-27,150,119.7,10,0.0,604.4,3.7,3273.928244021649
2021-01-28,103,119.6,10,7.0,401.22,3.7,3275.77846646649
2021-01-29,145,119.5,10,4.0,410.17,3.7,3277.242515702045
2021-01-30,175,119.8,10,6.0,571.61,,3288.458534826475
2021-01-31,188,119.8,10,10.0,409.13,3.7,3295.3934632076976
2021-02-01,135,119.5,10,8.0,590.4,3.7,3301.1679430177733
2021-02-02,115,119.1,10,10.0,637.44,3.7,3308.978982643689
2021-02-03,132,118.7,10,8.0,466.11,3.7,3315.4014931009187
2021-02-04,134,118.1,10,7.0,337.21,3.7,3315.275149278829
2021-02-05,116,116.6,10,4.0,411.93,3.7,3319.067717165404
2021-02-06,198,116.6,10,2.0,366.79,,3321.6798511004454
2021-02-07,169,116.70000000000002,10,6.0,273.78,3.7,3328.476246830725
2021-02-08,138,116.3,10,2.0,553.65,3.7,3329.4528541171235
2021-02-09,115,116.1,10,6.0,686.49,3.7,3319.0332275315477
2021-02-10,147,116.1,10,10.0,566.62,3.7,3315.940609711234
2021-02-11,117,116.4,10,7.0,398.14,3.7,3310.6196645102523
2021-02-12,121,116.8,10,8.0,532.38,3.7,3306.926659237844
2021-02-13,185,117.2,15,1.0,595.61,3.7,3293.155439252769
2021-02-14,184,117.8,15,6.0,660.64,3.7,3285.786300177591
2021-02-15,147,119.3,15,0.0,440.4,,3278.742844113062
2021-02-16,129,119.3,15,6.0,300.78,3.7,3265.476194455644
2021-02-17,127,119.3,15,3.0,441.77,3.7,3241.118330441905
2021-02-18,136,119.6,15,0.0,455.62,3.7,3220.678507607432
2021-02-19,115,119.8,15,3.0,481.28,3.7,3211.3594634959204
2021-02-20,159,119.8,15,4.0,604.46,3.7,3205.329999881809
2021-02-21,159,119.8,15,8.0,502.75,3.7,3200.286942474304
2021-02-22,132,119.6,15,8.0,546.54,3.7,3190.4763949023304
2021-02-23,103,119.2,15,3.0,502.51,3.7,3180.0438022086423
2021-02-24,115,119.2,15,3.0,517.57,,3167.528930794213
2021-02-25,116,119.0,0,7.0,507.76,3.7,3147.168288247575
2021-02-26,123,118.7,0,6.0,468.74,3.7,3128.526725447532
2021-02-27,173,118.7,0,10.0,377.7,3.7,3118.018349865539
2021-02-28,188,118.9,0,5.0,438.68,3.7,3117.690343933397
2021-03-01,108,117.9,0,10.0,591.66,3.7,3113.491792341674
2021-03-02,125,117.1,0,8.0,487.64,3.7,3094.0881739392835
2021-03-03,142,117.0,0,10.0,534.33,3.7,3084.8343031648324
2021-03-04,123,117.20000000000002,0,0.0,427.85,3.7,3072.9595970114824
2021-03-05,139,117.6,0,,701.1,3.7,3064.880788737236
2021-03-06,160,117.6,0,7.0,442.65,3.7,3048.424678728252
2021-03-07,179,117.8,0,,322.16,3.8,3027.2765571740447
2021-03-08,136,118.1,0,9.0,486.0,3.8,3006.8886581251213
2021-03-09,101,117.6,0,,484.31,3.8,2986.742727346801
2021-03-10,130,116.8,0,,427.29,3.8,2966.984390147948
2021-03-11,148,117.4,0,2.0,366.12,3.8,2947.732122874798
2021-03-12,121,117.5,0,9.0,478.63,3.8,2926.6594055688597
2021-03-13,168,117.6,0,7.0,684.18,3.8,2902.410987452336
2021-03-14,174,117.6,0,3.0,400.32,3.8,2879.3025630261163
2021-03-15,124,116.9,0,3.0,452.17,3.8,2861.000545651143
2021-03-16,131,116.3,0,7.0,550.59,3.8,2842.969968928682
2021-03-17,109,115.6,0,6.0,567.86,3.8,2835.5524889776875
2021-03-18,129,115.5,15,6.0,502.42,3.8,2830.2066395297607
2021-03-19,110,116.0,15,6.0,494.51,3.8,2831.1269406545644
2021-03-20,199,116.8,15,,371.56,3.8,2834.8356963412816
2021-03-21,187,117.2,15,6.0,532.29,3.5,2837.0709784099804
2021-03-22,102,117.5,15,5.0,241.45,3.5,2849.973247287129
2021-03-23,116,116.6,15,4.0,504.5,3.5,2850.6269630702013
2021-03-24,124,116.1,15,8.0,637.87,3.5,2845.3913436364187
2021-03-25,127,115.0,15,1.0,492.52,3.5,2826.0653372607785
2021-03-26,135,114.4,15,0.0,679.04,3.5,2822.6469235922077
2021-03-27,151,115.1,15,7.0,393.8,3.5,2820.694585839139
2021-03-28,168,115.2,15,10.0,627.41,3.5,2829.415919836438
2021-03-29,132,115.2,15,,260.53,3.5,2831.404545739826
2021-03-30,138,115.2,15,1.0,584.64,3.5,2823.5289553853354
2021-03-31,105,114.8,15,7.0,468.27,3.5,2806.3403876960183
2021-04-01,145,113.70000000000002,15,2.0,447.13,3.5,2786.2659074623957
2021-04-02,122,113.5,15,2.0,613.69,3.5,2774.9521651337755
2021-04-03,169,114.0,15,3.0,455.87,3.5,2778.367610697176
2021-04-04,168,115.8,15,1.0,356.02,3.5,2784.6142964264886
2021-04-05,106,116.5,15,4.0,543.9,3.5,2780.5916785815098
2021-04-06,127,116.2,0,3.0,424.02,3.5,2785.0287573003857
2021-04-07,142,116.2,0,9.0,504.16,3.5,2779.8223900545245
2021-04-08,118,116.2,0,0.0,528.42,3.5,2771.784822623407
2021-04-09,124,115.9,0,0.0,469.28,3.5,2767.7353708153764
2021-04-10,98,113.3,0,1.0,653.28,,2767.627325940181
2021-04-11,72,110.8,0,9.0,463.38,3.5,2763.726307896389
2021-04-12,134,108.1,0,0.0,381.41,3.5,2755.958632605979
2021-04-13,105,104.5,0,5.0,419.27,3.5,2744.92168178474
2021-04-14,121,100.5,0,3.0,465.73,3.5,2744.1493552617867
2021-04-15,141,97.0,0,4.0,506.0,3.5,2745.2073285692377
2021-04-16,102,93.3,0,8.0,582.73,3.5,2733.011150062674
2021-04-17,194,93.3,0,0.0,365.98,3.5,2713.4178770890685
2021-04-18,193,93.3,0,8.0,673.74,3.5,2693.074218655119
2021-04-19,145,93.6,0,8.0,618.65,3.5,2676.329134765272
2021-04-20,125,96.5,0,8.0,587.18,3.5,2662.5850729226654
2021-04-21,128,100.5,0,2.0,494.78,3.5,2660.602889799966
2021-04-22,133,104.1,15,9.0,552.7,3.5,2664.2394180510964
2021-04-23,125,107.6,15,9.0,500.29,3.5,2659.3340183001887
2021-04-24,193,111.6,15,10.0,407.06,3.5,2644.310410506509
2021-04-25,162,115.6,15,,429.98,3.5,2637.1866169530613
2021-04-26,110,119.6,15,0.0,574.96,3.5,2631.334439614158
2021-04-27,115,119.6,15,7.0,687.61,3.5,2637.5736314766154
2021-04-28,101,119.6,15,5.0,647.42,,2660.1837536464554
2021-04-29,120,119.6,15,9.0,488.0,3.5,2677.85898465624
2021-04-30,131,119.7,0,6.0,495.67,3.6,2698.964964452874
2021-05-01,162,119.7,0,10.0,552.55,3.6,2713.245823007796
2021-05-02,152,119.9,0,4.0,283.54,3.6,2722.9616238365834
2021-05-03,108,120.0,0,3.0,579.33,3.6,2735.030231527867
2021-05-04,128,120.0,0,1.0,435.55,3.6,2747.991824205388
2021-05-05,115,119.0,0,5.0,508.28,3.6,2751.6212423237275
2021-05-06,123,117.7,0,,565.67,3.6,2756.3851860116174
2021-05-07,142,115.9,0,5.0,263.69,3.6,2761.9074291336515
2021-05-08,195,115.9,0,1.0,501.43,3.6,2760.3530458613623
2021-05-09,185,115.9,10,1.0,560.0,,2758.5765080815986
2021-05-10,113,115.8,10,10.0,411.0,3.4,2754.290541073628
2021-05-11,141,115.8,10,0.0,482.71,3.4,2751.192751431693
2021-05-12,136,115.70000000000002,10,9.0,467.59,3.4,2753.632738102114
2021-05-13,134,115.20000000000002,10,,440.19,3.4,2762.165384265465
2021-05-14,127,114.8,10,1.0,559.49,3.4,2783.759623392064
2021-05-15,172,115.8,10,10.0,667.35,3.4,2814.741621562633
2021-05-16,175,117.1,10,8.0,625.67,3.4,2854.366003992619
2021-05-17,110,118.9,10,5.0,478.41,3.4,2889.343877956988
2021-05-18,138,118.3,10,3.0,587.62,3.4,2919.40466348378
2021-05-19,129,117.9,10,7.0,693.52,3.4,2951.944629127056
2021-05-20,139,118.0,10,3.0,468.43,3.4,2986.7765209601903
2021-05-21,146,118.0,10,10.0,483.97,3.4,3015.532999131553
2021-05-22,176,118.1,10,,491.35,3.4,3033.714631591197
2021-05-23,193,118.6,10,0.0,503.22,3.4,3046.62358622798
2021-05-24,110,119.0,10,3.0,595.0,3.5,3045.199950081332
2021-05-25,115,118.1,10,3.0,508.69,3.5,3038.8488448183048
2021-05-26,100,117.5,10,5.0,520.21,3.5,3022.817517363019
2021-05-27,123,116.8,10,10.0,725.09,3.5,3007.304981971458
2021-05-28,150,117.1,10,8.0,553.82,3.5,2994.5901102396824
2021-05-29,159,117.5,15,3.0,563.05,3.5,2970.4722243844585
2021-05-30,186,117.5,15,8.0,385.34,3.5,2943.4775774656277
2021-05-31,138,116.6,15,10.0,480.56,3.6,2921.4453512847945
2021-06-01,102,115.4,15,0.0,359.47,,2891.563446378448
2021-06-02,101,114.9,15,10.0,528.16,3.6,2863.4004680071653
2021-06-03,149,114.3,15,5.0,508.61,3.6,2838.7088413632696
2021-06-04,133,114.8,15,5.0,388.85,3.6,2808.77288732764
2021-06-05,177,115.4,15,9.0,513.88,3.6,2778.0071093709494
2021-06-06,170,116.10000000000002,15,6.0,402.47,3.6,2738.538977162726
2021-06-07,121,115.8,15,2.0,656.84,3.6,2694.0734747210004
2021-06-08,124,115.8,15,7.0,597.14,3.4,2657.0673375300507
2021-06-09,101,115.6,15,7.0,662.22,3.4,2622.37307354012
2021-06-10,107,116.5,15,2.0,610.64,3.4,2587.2911864350745
2021-06-11,142,117.3,15,10.0,350.05,,2567.2033951104177
2021-06-12,191,117.8,15,9.0,542.06,3.4,2552.3689714063303
2021-06-13,161,118.4,15,4.0,545.39,3.4,2544.958505007808
2021-06-14,100,118.8,15,7.0,356.53,3.4,2553.306459525774
2021-06-15,200,118.8,15,8.0,422.57,3.4,2557.9078355396205
2021-06-16,243,118.8,15,3.0,474.55,3.4,2576.112334232133
2021-06-17,215,119.4,15,10.0,504.05,3.4,2587.264763749826
2021-06-18,223,119.4,15,6.0,601.72,3.4,2607.0635053128976
2021-06-19,263,119.6,15,8.0,528.23,3.4,2620.3780091419376
2021-06-20,155,119.6,15,1.0,509.05,3.4,2641.249063913139
2021-06-21,144,119.4,10,3.0,484.98,3.4,2666.9613636407703
2021-06-22,111,118.3,10,4.0,583.65,3.4,2686.19534815052
2021-06-23,122,116.9,10,4.0,482.44,3.4,2695.9354817070225
2021-06-24,125,115.3,10,8.0,544.64,3.4,2697.510637666702
2021-06-25,107,114.1,10,4.0,500.56,3.4,2711.7799425776107
2021-06-26,169,114.1,10,9.0,453.47,3.4,2725.125843271744
2021-06-27,193,114.1,10,8.0,620.37,3.4,2744.912588156721
2021-06-28,118,114.1,10,9.0,559.21,3.4,2754.3253413656257
2021-06-29,100,113.2,10,0.0,435.85,3.4,2760.2953740774533
2021-06-30,104,112.40000000000002,10,1.0,556.77,3.4,2755.634496544338
2021-07-01,139,112.3,10,1.0,636.68,3.4,2747.7446611723985
2021-07-02,133,112.9,10,0.0,527.05,3.4,2730.754265554932
2021-07-03,192,114.3,10,4.0,594.92,3.4,2719.9228407571686
2021-07-04,158,115.9,10,7.0,592.92,3.4,2714.212613898492
2021-07-05,110,117.0,10,7.0,423.35,3.4,2702.088243041425
2021-07-06,140,117.0,10,3.0,610.0,3.5,2686.273870712078
2021-07-07,109,117.0,10,6.0,639.94,3.5,2660.9316229317715
2021-07-08,129,117.0,10,8.0,696.17,3.5,2643.493898285793
2021-07-09,100,117.2,10,9.0,550.18,3.5,2636.7325771583783
2021-07-10,186,118.0,10,,306.41,3.5,2623.671937530821
2021-07-11,168,118.7,10,7.0,661.4,3.5,2614.9121658268577
2021-07-12,107,119.2,10,9.0,466.61,,2612.7043972861647
2021-07-13,137,119.2,10,1.0,463.72,3.5,2610.897781220843
2021-07-14,111,119.2,5,6.0,621.2,3.5,2599.6184112080077
2021-07-15,130,118.9,5,4.0,535.63,3.7,2590.51304625695
2021-07-16,135,117.7,5,0.0,231.16,3.7,2577.8581751494885
2021-07-17,193,117.7,5,2.0,552.5,3.7,2576.661492374919
2021-07-18,197,117.7,5,9.0,475.19,3.7,2570.697448094701
2021-07-19,107,118.4,5,2.0,494.12,3.7,2566.353396588558
2021-07-20,114,118.2,5,,537.12,3.7,2574.75643329294
2021-07-21,129,118.2,5,0.0,681.27,3.7,2574.819347795953
2021-07-22,142,117.8,5,1.0,372.85,3.7,2579.0952058745825
2021-07-23,125,117.8,5,3.0,556.85,3.7,2579.2284901902776
2021-07-24,160,117.8,5,6.0,510.25,3.7,2581.6120826396277
2021-07-25,169,118.2,5,10.0,558.67,3.7,2578.5946971726685
2021-07-26,144,119.4,5,4.0,446.25,3.7,2572.876622847421
2021-07-27,143,119.4,5,8.0,500.42,3.7,2568.4763789996264
2021-07-28,125,119.4,5,4.0,590.09,3.7,2562.6666531538467
2021-07-29,105,118.9,5,2.0,382.4,3.7,2555.850839245527
2021-07-30,120,118.7,5,8.0,495.6,3.7,2551.075621622472
2021-07-31,200,118.7,10,7.0,581.26,3.7,2541.950014467728
2021-08-01,179,119.1,10,9.0,479.42,3.7,2539.6887517029577
2021-08-02,118,119.1,10,2.0,563.94,3.7,2545.0201090988007
2021-08-03,141,119.1,10,5.0,437.93,3.7,2554.360239947254
2021-08-04,146,118.9,10,2.0,450.78,3.6,2563.46560240142
2021-08-05,115,118.4,10,9.0,572.17,3.6,2585.546487982235
2021-08-06,100,118.3,10,6.0,445.15,3.6,2613.145213809124
2021-08-07,192,118.3,10,2.0,382.07,3.6,2641.578741253149
2021-08-08,177,118.8,10,2.0,550.64,3.6,2663.6477627474924
2021-08-09,112,119.0,10,7.0,610.88,3.6,2677.8122279609897
2021-08-10,133,118.6,10,10.0,614.76,3.6,2699.616485535213
2021-08-11,127,118.1,10,9.0,539.4,3.6,2713.845777851878
2021-08-12,129,118.0,10,5.0,448.15,3.6,2719.02885430925
2021-08-13,123,117.3,10,1.0,645.15,3.6,2720.8522804925005
2021-08-14,182,117.5,10,5.0,415.43,3.6,2730.675480194616
2021-08-15,181,118.0,10,6.0,495.98,3.6,2735.4136693401706
2021-08-16,137,118.0,10,6.0,513.01,3.6,2724.854972137583
2021-08-17,110,117.8,10,8.0,578.6,3.6,2710.6336112220856
2021-08-18,118,117.8,10,4.0,556.58,3.6,2701.537005948774
2021-08-19,125,118.0,10,5.0,564.04,3.6,2692.342269763409
2021-08-20,113,118.4,10,0.0,535.34,3.8,2681.7075016394483
2021-08-21,179,118.9,10,5.0,656.09,3.8,2667.1913161716707
2021-08-22,196,119.0,15,6.0,641.9,3.8,2661.577644599075
2021-08-23,126,119.7,15,6.0,531.91,,2650.093666216688
2021-08-24,114,119.5,15,1.0,506.25,3.8,2634.248863777547
2021-08-25,116,119.5,15,1.0,337.23,3.8,2617.879826251655
2021-08-26,150,119.6,15,5.0,543.67,3.8,2620.0857157840173
2021-08-27,129,119.3,15,6.0,609.34,3.8,2618.41670610709
2021-08-28,174,119.3,15,,582.47,3.8,2617.6799473160063
2021-08-29,162,119.3,15,4.0,483.2,3.8,2621.122722854642
2021-08-30,129,119.0,15,4.0,414.72,3.8,2621.274889640612
2021-08-31,143,118.5,15,8.0,366.92,3.8,2620.630154034457
2021-09-01,130,118.5,15,8.0,606.49,3.8,2615.9534955484664
2021-09-02,129,118.5,15,2.0,483.24,3.8,2619.6270195197626
2021-09-03,126,118.7,15,0.0,591.18,3.8,2621.6895209669524
2021-09-04,160,118.7,15,8.0,762.32,3.8,2619.8965200741427
2021-09-05,173,118.7,15,4.0,356.94,3.8,2613.365502162502
2021-09-06,132,119.2,15,5.0,357.43,3.8,2610.4911439112952
2021-09-07,150,119.2,15,4.0,471.13,3.8,2599.9483865870766
2021-09-08,131,119.2,15,6.0,545.25,3.8,2587.9459460788944
2021-09-09,124,119.5,15,,303.68,3.8,2582.872788184555
2021-09-10,124,119.2,15,7.0,505.45,3.8,2583.9593760715647
2021-09-11,183,119.2,15,5.0,600.08,3.8,2587.012132942512
2021-09-12,167,119.2,15,2.0,445.43,3.8,2584.524709914774
2021-09-13,107,119.2,15,3.0,446.95,3.7,2581.66453029406
2021-09-14,123,119.2,15,3.0,372.77,3.7,2592.1144607388424
2021-09-15,103,119.2,15,3.0,517.12,3.7,2595.026820844669
2021-09-16,141,118.1,15,9.0,446.78,3.7,2604.2317991912337
2021-09-17,125,117.20000000000002,15,3.0,415.64,3.7,2621.9720557226083
2021-09-18,177,117.20000000000002,15,0.0,524.26,3.7,2643.5314835185054
2021-09-19,172,117.20000000000002,15,10.0,411.88,3.7,2674.2493461084405
2021-09-20,114,117.7,15,2.0,598.78,3.7,2706.652101291166
2021-09-21,137,117.7,15,1.0,512.32,,2746.3890382152235
2021-09-22,116,117.4,15,10.0,614.46,3.7,2788.246224242003
2021-09-23,133,117.4,15,9.0,700.32,3.7,2825.183963489239
2021-09-24,141,117.3,15,4.0,714.91,3.7,2848.785828882982
2021-09-25,196,117.3,15,6.0,395.37,3.7,2875.65287976869
2021-09-26,182,118.4,15,4.0,703.2,3.7,2898.154755604968
2021-09-27,104,119.3,15,,468.14,3.7,2913.4045716257
2021-09-28,124,119.3,15,,390.41,3.7,2929.865471659916
2021-09-29,213,119.3,15,3.0,453.32,3.7,2924.532644762317
2021-09-30,229,119.6,15,,380.92,3.7,2915.653760903094
2021-10-01,130,119.6,15,5.0,371.71,3.7,2899.702774903672
2021-10-02,159,119.9,15,3.0,610.7,3.7,2876.41542594646
2021-10-03,180,119.9,15,6.0,511.62,3.7,2857.400537713261
2021-10-04,104,120.0,15,5.0,456.27,,2849.5281050539043
2021-10-05,110,119.1,15,0.0,318.78,3.8,2835.3492575151217
2021-10-06,101,118.5,15,8.0,580.21,3.8,2823.2514296214317
2021-10-07,110,118.3,15,4.0,669.5,3.8,2816.522392521892
2021-10-08,129,117.5,15,6.0,400.88,3.8,2803.816312009739
2021-10-09,163,117.5,15,0.0,573.3,3.8,2801.0388913213988
2021-10-10,186,117.5,15,2.0,519.79,,2804.69412968708
2021-10-11,128,117.1,15,7.0,616.01,3.8,2804.4331503641934
2021-10-12,103,116.9,15,0.0,512.04,3.8,2811.3855543148966
2021-10-13,127,116.9,15,2.0,444.55,3.8,2820.3472218747183
2021-10-14,123,116.9,15,1.0,523.06,3.8,2818.9497086363176
2021-10-15,136,117.8,15,4.0,517.04,,2823.4586172400896
2021-10-16,190,118.4,15,6.0,458.53,3.8,2830.005008422867
2021-10-17,163,118.6,15,9.0,605.9,3.8,2831.89181510347
2021-10-18,135,119.4,15,2.0,358.98,3.8,2833.111996040252
2021-10-19,129,119.4,15,2.0,400.28,3.8,2836.8836854015
2021-10-20,146,119.1,15,5.0,497.94,3.8,2828.284329106382
2021-10-21,133,119.5,15,2.0,512.46,3.8,2817.122227405372
2021-10-22,146,119.2,15,4.0,422.21,3.8,2807.7273153791666
2021-10-23,192,119.2,15,1.0,588.08,,2795.040158432079
2021-10-24,167,119.2,15,10.0,510.65,3.8,2779.378928122831
2021-10-25,150,118.6,15,8.0,573.9,3.8,2764.459225070598
2021-10-26,136,118.20000000000002,15,2.0,454.76,3.8,2752.125076648311
2021-10-27,127,117.0,5,1.0,603.85,3.8,2737.493813128688
2021-10-28,150,115.20000000000002,5,,490.72,3.8,2733.612535845064
2021-10-29,148,112.8,5,1.0,380.26,3.8,2725.6661712331925
2021-10-30,166,113.1,5,0.0,379.28,3.8,2726.50444522844
2021-10-31,197,113.1,5,9.0,572.01,3.8,2732.6824997385784
2021-11-01,137,113.6,5,5.0,507.38,3.8,2733.7940661659204
2021-11-02,127,113.6,5,1.0,460.4,3.8,2734.560902316091
2021-11-03,103,113.6,5,3.0,618.61,3.8,2742.4392763235296
2021-11-04,132,113.6,5,0.0,455.74,3.8,2752.5938758578422
2021-11-05,114,113.8,5,7.0,470.84,3.8,2762.1687566121404
2021-11-06,199,115.0,10,0.0,514.42,3.8,2775.477163738654
2021-11-07,158,116.8,10,,561.4,3.8,2783.9316143651176
2021-11-08,135,119.2,10,10.0,518.76,,2795.444242067913
2021-11-09,111,119.1,10,0.0,239.06,3.8,2805.9427091679045
2021-11-10,149,118.9,10,,551.91,3.8,2815.4680626786703
2021-11-11,131,118.9,10,5.0,620.66,3.8,2827.467472156758
2021-11-12,135,118.7,10,,543.59,3.8,2841.35796630708
2021-11-13,180,118.7,10,8.0,586.52,3.8,2853.841393913576
2021-11-14,170,119.3,10,5.0,556.01,3.8,2862.993690868773
2021-11-15,131,118.7,10,6.0,397.63,3.6,2869.677812467497
2021-11-16,122,117.5,10,8.0,413.13,3.6,2874.950494762385
2021-11-17,143,117.1,10,5.0,505.66,3.6,2873.6013491921294
2021-11-18,144,116.1,10,8.0,473.65,3.6,2865.0810236541106
2021-11-19,116,114.29999999999998,10,5.0,390.73,3.6,2853.8122257483647
2021-11-20,199,114.5,10,4.0,749.26,3.6,2836.882020231458
2021-11-21,185,114.5,10,7.0,602.99,3.6,2818.2221533625807
2021-11-22,107,114.7,10,10.0,450.85,3.6,2806.1473225030027
2021-11-23,121,114.0,10,10.0,599.82,3.6,2796.6586098579364
2021-11-24,110,113.4,10,9.0,428.1,3.6,2796.4662078858296
2021-11-25,128,113.0,10,5.0,589.05,3.6,2792.9447709068368
2021-11-26,107,112.7,10,4.0,742.75,3.6,2794.4189320342816
2021-11-27,197,113.1,10,3.0,486.23,3.6,2797.249777904104
2021-11-28,168,114.1,10,6.0,368.64,3.6,2797.083935548859
2021-11-29,115,116.0,10,10.0,579.33,3.6,2798.837491653136
2021-11-30,107,116.0,10,0.0,426.88,3.6,2795.0443919155978
2021-12-01,129,116.0,10,10.0,442.45,3.6,2789.5597849566
2021-12-02,106,115.5,10,6.0,468.75,3.6,2776.6661533454185
2021-12-03,149,115.8,10,5.0,423.79,3.6,2767.01638864654
2021-12-04,199,116.4,10,,580.42,3.6,2751.9183456075084
2021-12-05,176,117.6,10,1.0,555.24,3.6,2736.1161711960904
2021-12-06,115,119.1,10,5.0,636.35,3.6,2722.416036280173
2021-12-07,117,118.3,10,5.0,436.32,3.6,2713.8049692324103
2021-12-08,140,117.9,10,4.0,325.51,3.6,2715.055222968417
2021-12-09,112,117.2,10,5.0,557.03,3.6,2723.2035313296306
2021-12-10,122,116.5,10,10.0,366.75,3.6,2744.473357349683
2021-12-11,180,116.5,10,3.0,414.27,3.6,2766.1200106298875
2021-12-12,182,117.0,10,8.0,748.55,3.7,2783.601862541781
2021-12-13,129,117.1,10,,631.4,3.7,2794.8190737478158
2021-12-14,123,116.70000000000002,10,1.0,423.96,,2799.341202849539
2021-12-15,103,115.5,10,10.0,491.22,3.7,2800.993879283991
2021-12-16,150,113.5,10,5.0,341.25,3.7,2799.3893494733998
2021-12-17,122,112.2,10,8.0,592.9,3.7,2795.014022078226
2021-12-18,150,112.6,10,3.0,625.0,3.7,2785.018069011663
2021-12-19,150,113.3,10,2.0,428.38,3.7,2763.9260313340133
2021-12-20,104,113.20000000000002,10,8.0,516.43,3.7,2742.55198605686
2021-12-21,144,112.5,10,9.0,419.89,3.7,2726.081375066687
2021-12-22,105,111.3,10,3.0,675.77,3.7,2722.0703250399947
2021-12-23,148,110.20000000000002,10,2.0,463.67,3.7,2725.84794898386
2021-12-24,123,109.2,10,2.0,396.85,3.7,2734.29399362385
2021-12-25,193,110.4,10,2.0,571.36,3.7,2734.823549031265
2021-12-26,171,112.4,10,8.0,517.64,3.7,2736.755463893519
2021-12-27,112,113.5,10,,530.24,3.7,2740.133566740815
2021-12-28,123,112.0,10,9.0,475.51,3.7,2755.2324126863155
2021-12-29,127,110.7,10,9.0,431.69,3.7,2767.178969289196
2021-12-30,142,110.5,10,3.0,525.82,3.7,2767.503611249697
2021-12-31,116,109.9,10,9.0,566.03,3.7,2761.7269398515573
2022-01-01,171,111.1,10,3.0,692.3,3.6,2754.7835837141906
2022-01-02,166,112.5,10,9.0,586.74,3.6,2740.848729172042
2022-01-03,128,113.9,10,10.0,604.95,3.6,2724.201282039589
2022-01-04,115,113.9,10,3.0,497.71,3.6,2713.911386430378
2022-01-05,110,113.7,10,10.0,389.32,3.6,2707.351499209758
2022-01-06,134,114.7,10,6.0,550.77,3.6,2699.807152617488
2022-01-07,147,115.4,10,,491.26,3.6,2689.4159518995884
2022-01-08,97,112.9,10,8.0,475.75,3.6,2685.6116181411057
2022-01-09,70,109.9,0,10.0,400.15,3.6,2688.001280251333
2022-01-10,139,107.6,0,9.0,493.37,3.6,2692.8666511108618
2022-01-11,101,103.6,0,9.0,538.47,3.6,2692.3911796685875
2022-01-12,130,99.6,0,10.0,523.31,3.6,2688.441779145528
2022-01-13,102,96.1,0,7.0,193.48,,2697.0702299408217
2022-01-14,123,92.9,0,10.0,547.15,3.6,2715.752191288529
2022-01-15,163,93.1,0,,472.81,3.6,2726.77054298582
2022-01-16,171,93.1,0,,426.54,3.6,2732.171856647549
2022-01-17,131,93.9,0,6.0,579.11,3.6,2731.3615615861886
2022-01-18,126,97.7,0,5.0,554.25,3.6,2724.952742731057
2022-01-19,107,101.7,0,2.0,484.42,3.6,2724.6034291753244
2022-01-20,112,104.9,0,4.0,538.92,3.6,2729.736283738222
2022-01-21,132,108.5,0,10.0,491.82,3.6,2734.7903528817124
2022-01-22,167,112.5,0,7.0,386.35,3.6,2739.728835056431
2022-01-23,188,116.0,0,3.0,495.29,3.5,2730.9788608033487
2022-01-24,119,119.2,0,9.0,448.92,,2713.7359118292197
2022-01-25,117,119.2,10,2.0,628.89,3.5,2699.355559969484
2022-01-26,149,118.7,10,2.0,544.72,3.5,2698.7101472837544
2022-01-27,139,117.8,10,6.0,526.46,3.5,2702.042352399223
2022-01-28,139,116.20000000000002,10,0.0,500.55,3.5,2716.4339777434398
2022-01-29,187,116.20000000000002,10,3.0,477.27,3.5,2727.8358864224138
2022-01-30,154,116.6,10,8.0,628.74,3.5,2735.9493482452544
2022-01-31,108,117.0,10,7.0,649.63,3.5,2745.080386281318
2022-02-01,140,117.0,10,4.0,338.66,3.5,2762.3152945284287
2022-02-02,149,117.0,10,3.0,583.72,,2775.3479806037017
2022-02-03,103,117.0,10,9.0,555.4,3.5,2790.525421976855
2022-02-04,101,117.0,10,6.0,519.53,,2800.12376142974
2022-02-05,189,117.5,10,4.0,558.49,3.5,2797.3355684724343
2022-02-06,186,118.4,10,10.0,375.3,3.5,2791.540642336515
2022-02-07,103,120.0,10,3.0,671.18,3.5,2788.3898989155177
2022-02-08,114,119.9,10,1.0,463.57,3.5,2785.078226862828
2022-02-09,143,119.7,10,1.0,486.83,3.5,2775.112100801097
2022-02-10,144,119.7,10,10.0,502.6,3.5,2757.9564776225143
2022-02-11,112,119.7,10,10.0,351.44,3.5,2726.913902272425
2022-02-12,158,119.7,10,8.0,509.36,3.5,2706.192684327478
2022-02-13,197,119.7,10,3.0,505.31,3.5,2685.587052550819
2022-02-14,119,119.7,10,0.0,429.63,3.5,2663.475960276397
2022-02-15,121,119.7,10,8.0,451.8,3.5,2649.2973146228705
2022-02-16,126,119.3,10,,529.65,3.5,2645.8648271716806
2022-02-17,104,119.3,10,3.0,540.51,3.5,2634.308911949147
2022-02-18,146,118.7,10,6.0,453.37,3.5,2625.706167037356
2022-02-19,199,118.9,15,7.0,640.61,3.5,2624.128693415528
2022-02-20,200,118.9,15,1.0,512.75,3.8,2633.1497193832297
2022-02-21,143,118.6,15,5.0,633.76,3.8,2646.60342209984
2022-02-22,110,117.6,15,3.0,517.38,3.8,2651.8429350978327
2022-02-23,134,117.0,15,5.0,439.44,3.8,2663.58879177854
2022-02-24,109,116.60000000000002,15,8.0,479.16,3.8,2687.1430870456597
2022-02-25,143,116.10000000000002,15,7.0,308.36,3.8,2697.6885573095583
2022-02-26,194,116.5,15,2.0,539.11,3.8,2692.489817994409
2022-02-27,189,116.5,15,0.0,487.82,3.8,2687.680399494274
2022-02-28,147,116.8,15,3.0,324.5,3.8,2679.9243769478185
2022-03-01,132,116.5,15,4.0,485.3,3.8,2666.822966026188
2022-03-02,101,116.5,15,4.0,567.81,3.8,2649.3570012141445
2022-03-03,236,116.8,15,0.0,464.44,3.8,2642.332440335148
2022-03-04,224,117.8,15,,555.64,3.8,2634.569925917052
2022-03-05,192,118.4,15,7.0,425.2,3.8,2624.731432428343
2022-03-06,155,118.8,15,10.0,455.05,3.8,2612.537330815906
2022-03-07,142,118.5,15,3.0,475.63,3.8,2604.312514526892
2022-03-08,125,117.90000000000002,15,2.0,429.92,3.8,2607.558084790728
2022-03-09,102,117.30000000000004,15,8.0,545.44,3.8,2604.1859698739427
2022-03-10,146,116.70000000000002,15,4.0,734.89,3.8,2605.485421069034
2022-03-11,101,116.40000000000002,15,0.0,486.32,,2616.288594830984
2022-03-12,190,116.40000000000002,15,7.0,593.54,3.8,2626.755383801795
2022-03-13,151,116.4,15,4.0,608.57,3.8,2631.75913118961
2022-03-14,124,116.4,15,4.0,576.77,3.8,2644.8694638719994
2022-03-15,115,116.4,15,0.0,400.66,3.8,2657.8818572534174
2022-03-16,137,116.4,15,9.0,547.23,3.8,2669.932969650029
2022-03-17,102,116.1,15,1.0,671.58,3.8,2686.750272716016
2022-03-18,110,115.9,15,9.0,464.56,3.7,2703.580127744733
2022-03-19,188,116.5,15,8.0,528.76,3.7,2729.295590987604
2022-03-20,156,117.5,15,10.0,294.01,3.7,2754.2427538440124
2022-03-21,102,118.1,15,,617.88,3.7,2780.958326335147
2022-03-22,122,118.1,15,4.0,457.31,3.7,2815.2710652943256
2022-03-23,114,118.0,15,0.0,566.1,3.7,2858.42906286349
2022-03-24,113,117.9,15,8.0,441.59,3.7,2908.4987917265344
2022-03-25,125,117.9,15,1.0,527.81,3.7,2958.2496749825923
2022-03-26,195,117.9,15,7.0,452.21,3.7,3008.023305986353
2022-03-27,170,119.0,15,6.0,437.91,3.7,3051.200458630244
2022-03-28,143,119.4,15,1.0,404.91,3.7,3093.44546021578
2022-03-29,109,119.0,15,6.0,451.89,3.7,3132.7121221690472
2022-03-30,114,117.6,15,0.0,482.91,,3175.1556587805635
2022-03-31,121,115.2,15,5.0,611.79,3.7,3212.7567252933563
2022-04-01,116,113.2,15,2.0,444.37,3.7,3248.358001095264
2022-04-02,181,113.29999999999998,15,6.0,457.09,3.7,3272.444667055063
2022-04-03,197,113.4,15,5.0,479.86,3.7,3276.932618874579
2022-04-04,148,113.4,15,4.0,598.14,3.7,3288.261318436712
2022-04-05,122,113.4,15,,482.44,3.7,3297.1923795062885
2022-04-06,126,113.2,15,5.0,583.31,3.4,3311.073294088364
2022-04-07,113,113.6,15,0.0,525.36,3.4,3325.459491459857
2022-04-08,105,114.0,15,,544.27,3.4,3344.638000572529
2022-04-09,187,115.4,15,5.0,565.31,3.4,3363.94066990275
2022-04-10,198,117.8,15,2.0,473.11,3.4,3375.393737951257
2022-04-11,122,119.5,15,1.0,492.88,3.4,3383.2692232129893
2022-04-12,140,118.6,15,4.0,430.8,3.4,3389.7375331602398
2022-04-13,127,118.2,15,6.0,551.46,3.4,3402.879929472336
2022-04-14,109,117.9,15,3.0,584.83,3.4,3406.388345094011
2022-04-15,111,117.2,15,4.0,639.53,3.4,3410.7233540564016
2022-04-16,178,117.4,15,0.0,474.05,3.4,3416.3506454588887
2022-04-17,185,117.4,15,8.0,730.6,3.4,3414.178382349442
2022-04-18,114,116.8,15,6.0,392.03,,3393.8341477340064
2022-04-19,115,115.9,15,8.0,578.51,3.7,3360.4642476085364
2022-04-20,125,115.0,0,7.0,369.34,3.7,3331.188919299322
2022-04-21,104,114.6,0,0.0,541.98,3.7,3309.593467684117
2022-04-22,118,114.5,0,1.0,466.92,3.7,3288.8929337447103
2022-04-23,182,114.9,0,0.0,435.38,3.7,3277.0030806024174
2022-04-24,171,115.2,0,0.0,474.7,3.7,3260.874391706684
2022-04-25,131,115.9,0,2.0,530.69,,3247.652327643477
2022-04-26,138,115.9,0,6.0,519.51,3.7,3233.105279616601
2022-04-27,119,115.9,0,1.0,308.02,3.7,3218.8822285955275
2022-04-28,147,116.5,0,2.0,590.15,3.7,3211.4426840325464
2022-04-29,115,116.5,0,5.0,465.9,3.7,3208.223886937331
2022-04-30,184,117.4,0,3.0,711.86,3.7,3204.5314352621344
2022-05-01,184,118.1,0,4.0,455.62,3.7,3188.013189820296
2022-05-02,138,119.1,0,1.0,525.59,3.7,3177.005240895858
2022-05-03,127,118.1,0,1.0,524.69,3.7,3160.2809162384665
2022-05-04,115,116.8,0,3.0,551.81,3.7,3154.404742989905
2022-05-05,106,115.2,0,10.0,470.18,3.7,3140.476325681315
2022-05-06,107,113.1,0,2.0,558.67,3.7,3126.7812185052207
2022-05-07,151,113.1,0,8.0,341.13,3.7,3116.637433758048
2022-05-08,199,113.1,0,8.0,415.47,3.7,3113.3988728727845
2022-05-09,113,114.0,0,1.0,695.27,3.7,3109.7253708904545
2022-05-10,108,114.0,0,5.0,608.44,3.7,3109.716520178783
2022-05-11,114,113.6,0,2.0,575.78,3.7,3109.256795485641
2022-05-12,119,113.0,10,5.0,513.9,3.7,3104.931172224918
2022-05-13,124,113.5,10,2.0,647.9,3.7,3105.0841190796823
2022-05-14,192,114.8,10,3.0,520.82,3.7,3098.543757373372
2022-05-15,167,116.4,10,8.0,515.78,3.7,3094.5974597785644
2022-05-16,112,118.2,10,6.0,530.21,3.7,3090.5601910271125
2022-05-17,119,118.1,10,,456.64,3.7,3075.5835602832635
2022-05-18,126,118.1,10,0.0,426.42,3.7,3058.2103262326623
2022-05-19,112,118.1,10,0.0,481.42,3.5,3044.8608335589915
2022-05-20,100,117.70000000000002,10,8.0,471.8,3.5,3029.927846991009
2022-05-21,164,118.1,10,5.0,460.36,3.5,3015.790256287027
2022-05-22,167,118.7,10,3.0,532.91,3.5,2995.971187931853
2022-05-23,150,119.2,10,2.0,411.77,3.5,2970.1208070461453
2022-05-24,128,119.2,10,3.0,668.63,3.5,2937.4201960447604
2022-05-25,149,119.2,5,6.0,396.97,3.5,2908.0162852548447
2022-05-26,127,119.5,5,3.0,534.8,3.5,2864.5906927305537
2022-05-27,122,119.3,5,9.0,401.08,3.5,2828.7703852864297
2022-05-28,200,119.3,5,0.0,382.86,,2799.5704887593656
2022-05-29,161,119.3,5,,330.73,3.5,2775.174158482881
2022-05-30,128,118.7,5,6.0,553.39,3.5,2755.043239081868
2022-05-31,131,118.2,5,6.0,495.65,3.5,2733.4409327243334
2022-06-01,149,117.0,5,2.0,357.14,3.5,2718.6978727089945
2022-06-02,126,115.7,5,7.0,427.83,3.5,2708.500582943904
2022-06-03,101,114.4,5,6.0,415.3,3.5,2704.3954733415985
2022-06-04,200,114.4,5,10.0,523.76,3.5,2698.687729614656
2022-06-05,179,114.4,15,6.0,447.39,3.5,2700.165034467164
2022-06-06,120,114.5,15,,549.86,3.5,2700.1944720638658
2022-06-07,136,114.4,15,1.0,603.84,3.5,2697.281187404896
2022-06-08,138,114.3,15,10.0,537.49,3.5,2686.708060817607
2022-06-09,124,115.3,15,,340.59,3.5,2667.601563171153
2022-06-10,237,115.8,15,4.0,361.52,3.5,2657.058361501116
2022-06-11,253,117.0,15,9.0,562.28,3.5,2643.758480749126
2022-06-12,262,118.3,15,4.0,289.35,3.5,2633.7981434349467
2022-06-13,106,119.6,15,,313.57,3.5,2630.715585415776
2022-06-14,140,119.6,15,0.0,528.88,3.5,2625.215155692123
2022-06-15,122,119.3,15,9.0,465.6,3.5,2620.89546929136
2022-06-16,126,118.6,15,7.0,352.48,3.5,2626.001442613464
2022-06-17,147,118.70000000000002,15,5.0,423.79,3.5,2628.204837130133
2022-06-18,174,118.8,15,4.0,455.27,3.5,2631.434404053373
2022-06-19,169,118.8,15,1.0,623.75,3.5,2639.103000666838
2022-06-20,116,117.4,15,3.0,653.26,3.5,2650.0231235532733
2022-06-21,144,115.8,15,,493.23,3.5,2662.9392386643867
2022-06-22,139,114.6,15,1.0,521.82,3.5,2675.751415512769
2022-06-23,129,113.70000000000002,15,10.0,370.22,3.4,2687.109035280994
2022-06-24,129,113.20000000000002,15,9.0,711.45,3.4,2709.9371169873016
2022-06-25,156,113.5,15,,539.4,3.4,2738.9877067076404
2022-06-26,159,114.4,15,10.0,536.59,3.4,2775.897305127404
2022-06-27,105,114.4,15,0.0,704.82,3.4,2817.1325749318808
2022-06-28,106,114.0,15,10.0,558.95,3.4,2854.9957020150982
2022-06-29,121,113.2,15,0.0,489.19,3.4,2882.578832083348
2022-06-30,120,114.6,15,6.0,647.18,3.4,2910.475463472256
2022-07-01,147,115.7,10,3.0,473.92,,2945.7477494197474
2022-07-02,190,116.9,10,0.0,668.57,3.4,2979.232402681689
2022-07-03,174,117.8,10,0.0,555.99,3.4,3012.215625528003
2022-07-04,104,117.9,10,4.0,643.49,3.4,3051.5001431711685
2022-07-05,132,117.6,10,0.0,558.63,3.4,3093.131240005897
2022-07-06,135,116.6,10,10.0,473.14,3.4,3127.221546966344
2022-07-07,141,115.5,10,2.0,577.85,3.4,3164.1757969172686
2022-07-08,139,115.00000000000004,10,5.0,536.88,3.4,3210.186575925184
2022-07-09,157,115.8,10,6.0,516.9,3.4,3267.042342764212
2022-07-10,151,115.8,10,4.0,403.92,3.4,3317.56472618927
2022-07-11,122,116.3,10,,505.11,3.4,3355.949896274657
2022-07-12,131,116.0,10,1.0,709.72,3.4,3388.906985637522
2022-07-13,122,116.0,10,6.0,603.86,3.4,3417.3065430967026
2022-07-14,130,115.3,10,7.0,414.7,3.4,3431.1531480787617
2022-07-15,130,114.70000000000002,10,2.0,593.28,3.4,3440.800549770579
2022-07-16,198,115.70000000000002,10,2.0,497.63,3.4,3451.0301782030183
2022-07-17,186,116.8,10,5.0,503.0,3.4,3449.9077586077883
2022-07-18,101,117.5,10,2.0,549.75,3.4,3434.2178712270065
2022-07-19,116,117.5,10,7.0,427.8,3.4,3407.574769840384
2022-07-20,147,117.4,10,6.0,598.71,,3387.8481176864707
2022-07-21,139,116.7,10,9.0,680.53,3.4,3365.2524522478534
2022-07-22,142,115.8,10,4.0,619.99,3.4,3346.690352525491
2022-07-23,177,115.8,10,6.0,372.19,3.4,3328.198143372386
2022-07-24,181,116.9,10,3.0,368.27,3.4,3314.344059738876
2022-07-25,124,116.9,10,1.0,631.07,3.4,3309.537592548437
2022-07-26,149,115.5,10,1.0,392.66,3.4,3296.2249111168703
2022-07-27,115,114.5,10,5.0,530.24,3.4,3288.9175856779425
2022-07-28,114,113.4,10,7.0,673.14,3.4,3289.770275958007
2022-07-29,143,112.5,10,10.0,437.24,3.4,3296.1877654313885
2022-07-30,157,112.60000000000002,10,9.0,414.75,3.4,3302.8877540729327
2022-07-31,173,113.3,10,7.0,416.9,3.4,3316.340608585637
2022-08-01,120,114.5,10,8.0,583.01,3.4,3325.1728272616483
2022-08-02,119,114.0,10,8.0,524.65,3.4,3335.62561673441
2022-08-03,115,114.0,10,9.0,479.82,3.4,3341.0369199483684
2022-08-04,150,114.9,10,8.0,622.34,3.4,3344.49109655888
2022-08-05,110,115.8,10,8.0,402.52,3.4,3347.7035230454862
2022-08-06,160,116.8,10,1.0,473.02,3.4,3342.7062210925565
2022-08-07,161,118.1,10,6.0,435.68,3.4,3343.320644696162
2022-08-08,116,119.0,10,8.0,616.79,3.4,3345.7120995230325
2022-08-09,102,118.7,10,3.0,272.81,3.4,3334.5285038374927
2022-08-10,115,118.7,10,1.0,554.62,3.4,3318.2508508306173
2022-08-11,141,118.7,10,10.0,643.53,3.4,3304.3194196697427
2022-08-12,122,118.4,10,10.0,481.44,3.4,3296.790422011832
2022-08-13,182,118.4,10,2.0,398.31,3.4,3290.274360986081
2022-08-14,151,118.4,10,1.0,519.31,3.4,3276.154579099272
2022-08-15,130,118.8,0,10.0,633.79,3.4,3268.302833517172
2022-08-16,101,118.1,0,0.0,393.72,3.4,3268.957393200243
2022-08-17,139,117.9,0,10.0,437.64,3.7,3264.401757894593
2022-08-18,124,117.7,0,6.0,483.49,3.7,3262.979643453502
2022-08-19,100,117.8,0,6.0,641.55,3.7,3266.182079346773
2022-08-20,183,117.8,0,5.0,529.42,3.7,3284.644343052747
2022-08-21,200,117.8,0,,568.45,3.7,3308.2344287604724
2022-08-22,145,118.6,0,,489.97,3.7,3322.233610655884
2022-08-23,149,118.5,0,5.0,492.27,3.7,3333.56973146622
2022-08-24,146,118.3,0,0.0,452.13,3.7,3358.5315628935864
2022-08-25,100,118.4,0,1.0,561.09,3.7,3379.182430551578
2022-08-26,135,118.9,0,2.0,605.91,3.7,3398.949430842571
2022-08-27,72,115.5,10,10.0,568.57,3.7,3417.858075311672
2022-08-28,260,115.7,10,0.0,450.08,3.7,3436.4502847006997
2022-08-29,128,115.9,10,,357.46,3.7,3455.3793189705334
2022-08-30,109,115.2,10,0.0,535.49,3.7,3458.0077673524647
2022-08-31,146,115.0,10,2.0,255.08,3.7,3455.9419200033044
2022-09-01,131,114.2,10,1.0,462.38,3.7,3456.6884878404976
2022-09-02,144,113.0,10,7.0,507.84,3.7,3451.318763331428
2022-09-03,155,113.2,10,0.0,459.82,3.7,3434.3979208413625
2022-09-04,179,113.2,10,6.0,443.26,3.5,3416.3572508585125
2022-09-05,102,113.4,10,8.0,572.05,3.5,3405.2402995897373
2022-09-06,112,115.7,10,3.0,663.23,3.5,3399.270221842779
2022-09-07,123,113.9,10,9.0,553.24,3.5,3390.447304360395
2022-09-08,113,112.5,10,2.0,310.09,3.5,3385.1949562715217
2022-09-09,146,111.40000000000002,10,6.0,540.69,3.5,3382.548283542361
2022-09-10,168,111.6,10,10.0,440.25,3.5,3378.601669294062
2022-09-11,196,112.40000000000002,10,6.0,736.04,3.5,3377.942312436846
2022-09-12,103,113.0,10,3.0,370.74,3.5,3394.2176440600365
2022-09-13,101,112.7,10,2.0,677.97,3.5,3409.3633400882386
2022-09-14,125,112.40000000000002,10,7.0,421.68,3.5,3422.9049974852805
2022-09-15,101,111.3,10,8.0,525.87,3.5,3431.091288125867
2022-09-16,113,111.60000000000002,10,1.0,749.99,3.5,3438.429893454984
2022-09-17,168,113.40000000000002,10,5.0,397.89,3.5,3447.9168730758024
2022-09-18,163,114.8,10,10.0,586.51,3.5,3455.248010199479
2022-09-19,136,116.6,10,,473.39,3.5,3467.158740809354
2022-09-20,103,116.3,10,7.0,488.8,3.5,3478.9478631783945
2022-09-21,109,116.2,10,5.0,495.38,3.5,3486.025093255324
2022-09-22,138,116.70000000000002,10,1.0,443.8,3.5,3487.2201693664783
2022-09-23,117,116.4,10,6.0,501.85,3.5,3486.417422695162
2022-09-24,152,116.7,10,1.0,576.51,3.5,3490.205735752717
2022-09-25,193,117.8,5,10.0,295.47,3.5,3493.167109158062
2022-09-26,126,118.8,5,5.0,583.88,3.5,3493.167109158062
2022-09-27,137,118.8,5,5.0,636.01,,3493.167109158062
2022-09-28,115,117.4,5,,518.39,3.5,3493.167109158062
2022-09-29,147,117.4,5,6.0,405.94,3.5,3493.167109158062
2022-09-30,105,117.7,5,1.0,373.51,3.5,3492.2854700675407
